CREATE DATABASE  IF NOT EXISTS `accumguojohns` /*!40100 DEFAULT CHARACTER SET utf8 */;
USE `accumguojohns`;
-- MySQL dump 10.13  Distrib 5.7.18, for Win64 (x86_64)
--
-- Host: localhost    Database: accumguojohns
-- ------------------------------------------------------
-- Server version	5.7.18-log
 
/*!40101 SET @OLD_CHARACTER_SET_CLIENT=@@CHARACTER_SET_CLIENT */;
/*!40101 SET @OLD_CHARACTER_SET_RESULTS=@@CHARACTER_SET_RESULTS */;
/*!40101 SET @OLD_COLLATION_CONNECTION=@@COLLATION_CONNECTION */;
/*!40101 SET NAMES utf8 */;
/*!40103 SET @OLD_TIME_ZONE=@@TIME_ZONE */;
/*!40103 SET TIME_ZONE='+00:00' */;
/*!40014 SET @OLD_UNIQUE_CHECKS=@@UNIQUE_CHECKS, UNIQUE_CHECKS=0 */;
/*!40014 SET @OLD_FOREIGN_KEY_CHECKS=@@FOREIGN_KEY_CHECKS, FOREIGN_KEY_CHECKS=0 */;
/*!40101 SET @OLD_SQL_MODE=@@SQL_MODE, SQL_MODE='NO_AUTO_VALUE_ON_ZERO' */;
/*!40111 SET @OLD_SQL_NOTES=@@SQL_NOTES, SQL_NOTES=0 */;

--
-- Table structure for table `article_authors`
--

DROP TABLE IF EXISTS `article_authors`;
/*!40101 SET @saved_cs_client     = @@character_set_client */;
/*!40101 SET character_set_client = utf8 */;
CREATE TABLE `article_authors` (
  `author_id` int(11) NOT NULL,
  `author_fname` varchar(45) NOT NULL,
  `author_lname` varchar(45) NOT NULL,
  PRIMARY KEY (`author_id`)
) ENGINE=InnoDB DEFAULT CHARSET=utf8;
/*!40101 SET character_set_client = @saved_cs_client */;

--
-- Dumping data for table `article_authors`
--

LOCK TABLES `article_authors` WRITE;
/*!40000 ALTER TABLE `article_authors` DISABLE KEYS */;
INSERT INTO `article_authors` VALUES (1,'Ronda','Maleck'),(2,'Bernard','McGloin'),(3,'Cristine','Choke'),(4,'Anders','Hillan'),(5,'Gabriellia','Herreran'),(6,'Leann','Pauel'),(7,'Sylvia','Hodgon'),(8,'Philippa','Stanyard'),(9,'Pierette','Carder'),(10,'Leese','McCrone'),(11,'Reinold','McClaren'),(12,'Myrlene','Cressor'),(13,'Barbara','Castel'),(14,'Meridel','Mityakov'),(15,'Erminia','Blincowe'),(16,'Sarajane','Dick'),(17,'Jasen','Fordyce'),(18,'Farly','Alenichicov'),(19,'Bunni','Lozano'),(20,'Shellysheldon','Obee'),(21,'Lothaire','Goodbourn'),(22,'Lyndsie','Venners'),(23,'Nissy','Isaksson'),(24,'Quintin','Vasyunin'),(25,'Terrel','Pilmer'),(26,'Helga','Nevitt'),(27,'Rhetta','Dryburgh'),(28,'Dall','Gration'),(29,'Peggie','Gooder'),(30,'Cissy','O\'Sculley'),(31,'Garvin','Barczynski'),(32,'Gilbertine','McArley'),(33,'Marcia','Badman'),(34,'Leland','Tee'),(35,'Shelbi','Keggin'),(36,'Norrie','Renols'),(37,'Nev','Bleacher'),(38,'Sebastien','Hallen'),(39,'Dan','McGooch'),(40,'Marris','Spoor'),(41,'Nico','Penketh'),(42,'Anna-diane','Jahner'),(43,'Amye','Inglish'),(44,'Nancy','Sisey'),(45,'Rafaellle','Lambrick'),(46,'Jess','Strowger'),(47,'Didi','Fisby'),(48,'Rick','Windas'),(49,'Deana','O\'Cassidy'),(50,'Brantley','Vizor'),(51,'Kaycee','Winskill'),(52,'Costa','Guille'),(53,'Enrique','Huot'),(54,'Chauncey','Chidzoy'),(55,'Andrea','Lauchlan'),(56,'Roxane','Arendt'),(57,'Herc','Bernot'),(58,'Ariel','Brooker'),(59,'Roby','Jansen'),(60,'Efrem','Tolefree'),(61,'Luis','Fortesquieu'),(62,'Torin','Bellin'),(63,'Gerald','Paxforde'),(64,'Cletus','Hammond'),(65,'Rafi','Pidgeley'),(66,'Olympie','Pullan'),(67,'Abbey','Brotherton'),(68,'Phil','Sarl'),(69,'Ronalda','Smallpeace'),(70,'Humphrey','Doddridge'),(71,'Mame','Babbidge'),(72,'Janean','Dungey'),(73,'Tory','Cumes'),(74,'Conney','Lyddiard'),(75,'Ugo','Castanie'),(76,'Connie','Vankov'),(77,'Roselia','Greenhow'),(78,'Rab','Yousef'),(79,'Suzy','Silvermann'),(80,'Glenn','Wesson'),(81,'Wilbert','Keppie'),(82,'Jaye','Hales'),(83,'Leontine','Lindl'),(84,'Amandi','Follos'),(85,'Roarke','Struan'),(86,'Kristan','Skidmore'),(87,'Patricia','Lyness'),(88,'Sharity','Pibsworth'),(89,'Suzi','Redfearn'),(90,'Yasmeen','Liddall'),(91,'Greggory','Blankenship'),(92,'Jeremie','Murrhardt'),(93,'Florrie','Nand'),(94,'Darcy','Culver'),(95,'Colly','Stapforth'),(96,'Cati','Laxston'),(97,'Lem','Pleming'),(98,'Hobart','Sarrell'),(99,'Ronnica','Whitwood'),(100,'Kassie','Elnough'),(101,'Constance','Lahive'),(102,'Harli','Urian'),(103,'Hugibert','McCallum'),(104,'Issy','Kivits'),(105,'Artie','Ickowicz'),(106,'Nanice','Haugeh'),(107,'Trevor','Weiss'),(108,'Christabella','McRuvie'),(109,'Ronda','Vaughten'),(110,'Jacques','Swatman'),(111,'Lanny','Itzhayek'),(112,'Markus','Antal'),(113,'Chucho','Semon'),(114,'Holmes','Brauns'),(115,'Shaw','Wickman'),(116,'Alysa','Bareham'),(117,'Leda','Cranch'),(118,'Shandra','Parsand'),(119,'Cathleen','Mold'),(120,'Eli','Hymas'),(121,'Niki','Seppey'),(122,'Clary','O\'Grada'),(123,'Audy','Binge'),(124,'Eadie','Meiklem'),(125,'Godart','Runacres'),(126,'Edgard','Oliveira'),(127,'Melamie','Matieu'),(128,'Krystal','Bertie'),(129,'Ase','Lofts'),(130,'Janeva','Mandifield'),(131,'Rockie','Caseborne'),(132,'Stacee','Cutmore'),(133,'Mara','Vaune'),(134,'Sigfried','Pendock'),(135,'Michelle','Kardos-Stowe'),(136,'Bear','Pittock'),(137,'Mischa','Brien'),(138,'Cami','Healks'),(139,'Anita','Bril'),(140,'Martguerita','Smithyman'),(141,'Idelle','Jenteau'),(142,'Kylen','Ockenden'),(143,'Sven','Wolfer'),(144,'Gerladina','Broadbent'),(145,'Gilberta','Tregenza'),(146,'Audy','Hicks'),(147,'Natalina','Beste'),(148,'Claire','Grinov'),(149,'Claresta','Ewbanks'),(150,'Dennison','Bussy'),(151,'Dicky','Francescuccio'),(152,'Casper','Donoghue'),(153,'Gray','Rosingdall'),(154,'Paolo','Shevelin'),(155,'Ranee','Dolphin'),(156,'Shara','Storres'),(157,'Tommie','McGow'),(158,'Jone','Stansbury'),(159,'Erinna','Hodgon'),(160,'Paxon','Shone'),(161,'Trenton','MacDunlevy'),(162,'Lynnell','Sowrah'),(163,'Armstrong','Binfield'),(164,'Dirk','Huby'),(165,'Xerxes','Tutill'),(166,'Thedrick','Insley'),(167,'Candace','Holehouse'),(168,'Beatrisa','Godlonton'),(169,'Annissa','Coit'),(170,'Giraud','Gammack'),(171,'Tera','McAless'),(172,'Gabbi','Eykel'),(173,'Roderich','Wardrop'),(174,'Ellswerth','Staten'),(175,'Dagmar','Gorvette'),(176,'Stillmann','Turfs'),(177,'Massimiliano','Glendenning'),(178,'Bondon','MacGoun'),(179,'Charla','Filimore'),(180,'Johnny','Licence'),(181,'Adrien','Dobinson'),(182,'Aron','Yeskov'),(183,'Ariel','McEvilly'),(184,'Elbert','Kittman'),(185,'Karlens','Phillipps'),(186,'Flss','Bracer'),(187,'Alford','Bevar'),(188,'Drona','Stailey'),(189,'Anallise','Ebbens'),(190,'Rozanne','Edden'),(191,'Iain','O\'Bruen'),(192,'Ileane','Gatley'),(193,'Freeland','Cassin'),(194,'Ruthi','Eannetta'),(195,'Georgette','Bischoff'),(196,'Cynthia','De Haven'),(197,'Magnum','Di Giacomettino'),(198,'Johannah','Rapps'),(199,'Griselda','Ivanitsa'),(200,'Loleta','Marrows'),(201,'Lothaire','Pettengell'),(202,'Laura','Dibbin'),(203,'Tamera','Heynel'),(204,'Cozmo','Matushenko'),(205,'Eula','Longmore'),(206,'Sher','McGowan'),(207,'Jilleen','Kisar'),(208,'Shannah','Bankes'),(209,'Kevan','Pedlar'),(210,'Raff','Bearcroft'),(211,'Eddie','Killingback'),(212,'Esmeralda','Lyford'),(213,'Ram','Ellsom'),(214,'Vivia','Dunseath'),(215,'Shaine','Stanfield'),(216,'Anna','Arkwright'),(217,'Jasmina','Buckberry'),(218,'Win','Cotherill'),(219,'Freeland','Brookbank'),(220,'Vasili','Sheerin'),(221,'Brock','Disdel'),(222,'Correna','Willshear'),(223,'Saxe','Satchell'),(224,'Nanette','Meni'),(225,'Alonzo','Riall'),(226,'Ave','Laffoley-Lane'),(227,'Thayne','Lounds'),(228,'Aurel','Bussey'),(229,'Georgette','Greensmith'),(230,'Nettie','Brownstein'),(231,'Carmela','Driver'),(232,'Dell','Swatridge'),(233,'Donni','Dyett'),(234,'Candice','Jordin'),(235,'Cherilyn','Clutton'),(236,'Teddi','Alliban'),(237,'Bailie','Pietzner'),(238,'Walker','Antoniazzi'),(239,'Lisbeth','Dowson'),(240,'Barbara','Pikett'),(241,'Edy','Parsonage'),(242,'Vladamir','Durling'),(243,'Nessie','Durak'),(244,'Amelina','Ambroix'),(245,'Erek','Blasl'),(246,'Brittany','Stivani'),(247,'Corie','Coffin'),(248,'Baudoin','Gabrieli'),(249,'Ree','Abramson'),(250,'Stefania','Fassmann'),(251,'Faith','Casterot'),(252,'Ezmeralda','Gore'),(253,'Erich','Asipenko'),(254,'Rudy','Antoniak'),(255,'Patsy','Vassbender'),(256,'Cathleen','Honeyghan'),(257,'Lewie','Gildersleeve'),(258,'Tracey','Lathy'),(259,'Drud','Zaple'),(260,'Fields','McGiven'),(261,'Adrianna','Kleinber'),(262,'Rubetta','Corser'),(263,'Helge','Marrow'),(264,'Ennis','Foxcroft'),(265,'Cathee','Boot'),(266,'Reba','Underhill'),(267,'Ulrikaumeko','Waggatt'),(268,'Aristotle','Figure'),(269,'Bondie','Clandillon'),(270,'Ola','Rawles'),(271,'Albert','Lovat'),(272,'Ambrosius','Klousner'),(273,'Vinni','Bowstead'),(274,'Norman','Kedwell'),(275,'Kaitlynn','Bavridge'),(276,'Pierrette','Karpe'),(277,'Darbee','Hessentaler'),(278,'Benedetta','Redmond'),(279,'Merlina','Farlowe'),(280,'Porter','Giblin'),(281,'Ulick','Baelde'),(282,'Chad','Grelik'),(283,'Kristyn','Van Velde'),(284,'Dian','Ogilby'),(285,'Fernanda','Marciskewski'),(286,'Virginie','Bartolomeoni'),(287,'Glendon','Addicote'),(288,'Terri','Bretton'),(289,'Daniela','Basley'),(290,'Raffarty','Coger'),(291,'Seana','Waddingham'),(292,'Calley','Ballister'),(293,'Jon','Crutch'),(294,'Hubey','Brewitt'),(295,'Jaimie','Kyne'),(296,'Kristyn','Fotherby'),(297,'Jim','Kinavan'),(298,'Clarisse','McGlynn'),(299,'Olive','Chettoe'),(300,'Anastasie','Scowcraft'),(301,'Marybelle','Presnall'),(302,'Ade','Grigolli'),(303,'Ogdon','Batchellor'),(304,'Dino','Arrington'),(305,'Rachael','Laval'),(306,'Corbie','Freda'),(307,'Sybille','Portlock'),(308,'Deirdre','Thulborn'),(309,'Agnella','Behrens'),(310,'Ermina','Sapsford'),(311,'Garald','Callen'),(312,'Farris','Gosse'),(313,'Faunie','Brosel'),(314,'Alexandrina','Swalwell'),(315,'Phedra','Brito'),(316,'Eugenio','Hospital'),(317,'Bartholomew','Allcroft'),(318,'Matthias','Piotrkowski'),(319,'Wren','Kirsche'),(320,'Prissie','Puttan'),(321,'Nanete','Hawksley'),(322,'Jeane','Brattan'),(323,'Jedediah','Tummond'),(324,'Rob','Lidierth'),(325,'Nikolaos','Acomb'),(326,'Truda','McKellar'),(327,'Marcie','Assel'),(328,'Alaric','Paudin'),(329,'Doro','Axel'),(330,'Kamillah','Montrose'),(331,'Orton','Klasing'),(332,'Megan','Ouslem'),(333,'Shadow','Ringwood'),(334,'Quintilla','Riediger'),(335,'Jacob','Behagg'),(336,'Trevar','Grealish'),(337,'Clint','Lippiatt'),(338,'Idette','Grisenthwaite'),(339,'Gaven','Divisek'),(340,'Carmina','Tort'),(341,'Maryanna','Tartt'),(342,'Myron','Rickcord'),(343,'Nanon','Frewer'),(344,'Brendon','MacMaster'),(345,'Adrian','Footer'),(346,'Ki','Brussels'),(347,'Melosa','Lebarree'),(348,'Wilfred','Brader'),(349,'Jenilee','O\'Fallowne'),(350,'Filia','Lantuffe'),(351,'Shadow','Woodhams'),(352,'Jordana','Reedy'),(353,'Betsey','Playdon'),(354,'Gaylord','Shrimptone'),(355,'Miguel','Perschke'),(356,'Immanuel','Feldstein'),(357,'Vincent','Blues'),(358,'Georgy','Stutely'),(359,'Jayson','Primak'),(360,'Mamie','MacGilfoyle'),(361,'Dewey','Grubb'),(362,'Judah','Giddy'),(363,'Erwin','Vassman'),(364,'Ainsley','Brozek'),(365,'Dorolisa','Creber'),(366,'Alidia','Salzburger'),(367,'Kinna','Housby'),(368,'Marti','Geill'),(369,'Starla','Rubica'),(370,'Moise','Lithgow'),(371,'Sherye','Semrad'),(372,'Isacco','Laudham'),(373,'Catlin','Barbera'),(374,'Umberto','Chesterman'),(375,'Ellynn','Waddoups'),(376,'Tedda','Nelsen'),(377,'Nancey','Muncey'),(378,'Jimmie','Bruty'),(379,'Selia','Crookes'),(380,'Martynne','Palfery'),(381,'Emlynne','Reinger'),(382,'Morlee','Wickenden'),(383,'Bel','Pedel'),(384,'Roze','Brobak'),(385,'Shepard','Dunseath'),(386,'Sheila-kathryn','MacGilpatrick'),(387,'Celesta','Spaxman'),(388,'Karoly','Iorizzo'),(389,'Elroy','Chetter'),(390,'Nessie','Cumbridge'),(391,'Adam','Teers'),(392,'Lisette','Cundy'),(393,'Joseito','Fetherston'),(394,'Merrick','Loder'),(395,'Maritsa','Mahady'),(396,'Jocko','Cockrell'),(397,'Marijo','Pennicard'),(398,'Valentijn','Yurlov'),(399,'Addie','Chesworth'),(400,'Kissiah','Gascoyen'),(401,'Saw','Cadwallader'),(402,'Hobey','Cullabine'),(403,'Lanie','Matanin'),(404,'Rainer','McAlinion'),(405,'Shannen','Baudins'),(406,'Tamma','Gilstoun'),(407,'Jerrold','Bresland'),(408,'Briny','Moye'),(409,'Ernestus','Bowsher'),(410,'Hewe','Codlin'),(411,'Tami','Sage'),(412,'Aldo','O\' Donohue'),(413,'Faustine','Stocken'),(414,'Letizia','Tuke'),(415,'Jany','Glowacz'),(416,'Fremont','Isaacs'),(417,'Jacquenetta','Kobera'),(418,'Sisile','Nevet'),(419,'Aimee','Potts'),(420,'Loy','Robbie'),(421,'Caty','Smithend'),(422,'George','Holyland'),(423,'Hester','McCrea'),(424,'Claudina','Boraston'),(425,'Kayley','Misken'),(426,'Cristine','Labbet'),(427,'Kameko','Crichmer'),(428,'Vivyanne','Sapir'),(429,'Fulvia','MacAree'),(430,'Cloe','Huonic'),(431,'Winni','Verlander'),(432,'Henrietta','Sancroft'),(433,'Carissa','Mirfield'),(434,'Amos','Skells'),(435,'Arlee','Lauritsen'),(436,'Diandra','Szwarc'),(437,'Jennica','John'),(438,'Gaultiero','Benger'),(439,'Julita','Pelerin'),(440,'Muriel','Delap'),(441,'Kaitlyn','Trundell'),(442,'Brook','Jaggar'),(443,'Marena','Sarjent'),(444,'Engelbert','Capin'),(445,'Carry','Bartczak'),(446,'Theresina','Baudesson'),(447,'Yulma','Snary'),(448,'Karly','Lelande'),(449,'Cassondra','Durnall'),(450,'Romona','Paddeley'),(451,'Teador','Walcar'),(452,'Janine','Sexty'),(453,'Rodney','Parmeter'),(454,'Ashlen','Lamberton'),(455,'Clair','Coppens'),(456,'Bride','Newsome'),(457,'Aurora','Massie'),(458,'Fidel','Moran'),(459,'Jaquelyn','Callam'),(460,'Shurlocke','Artindale'),(461,'Selia','Martel'),(462,'Lewes','Blewett'),(463,'Elizabeth','Larrie'),(464,'Rab','Labbe'),(465,'Joletta','Cotherill'),(466,'Zollie','Shipton'),(467,'Elisha','Hundy'),(468,'Adrian','Ivakhno'),(469,'Ignacio','Britian'),(470,'Sig','Manktelow'),(471,'Cristobal','Trobey'),(472,'Christye','Parslow'),(473,'Pattie','Kenna'),(474,'Morse','McGrale'),(475,'Lucky','Plenderleith'),(476,'Zitella','Turnpenny'),(477,'Sax','Klassmann'),(478,'Meredith','McTrustey'),(479,'Andre','Hafner'),(480,'Tobias','Domnin'),(481,'Fin','Feacham'),(482,'Kinnie','Shutt'),(483,'Chester','Kenwrick'),(484,'Warner','Drohane'),(485,'Yolanthe','Blinman'),(486,'Adah','Doncom'),(487,'Kara-lynn','Rubertis'),(488,'Jemimah','Bowhey'),(489,'Ardyce','Sleite'),(490,'Eunice','Messager'),(491,'Godfry','Venmore'),(492,'Clarie','Hegg'),(493,'Clare','Firmin'),(494,'Stacie','Weavers'),(495,'Erin','Crowden'),(496,'Salomone','Fagg'),(497,'Giselle','Kelshaw'),(498,'Cozmo','Painten'),(499,'Agnola','Drage'),(500,'Kirstin','Lamanby'),(501,'Lavinie','Siseland'),(502,'Hube','Bateson'),(503,'Crissie','Nevison'),(504,'Rad','Anstee'),(505,'Stormy','Thorley'),(506,'Ty','Gors'),(507,'Ivar','Jeynes'),(508,'Lydie','Berger'),(509,'Astrix','Swallwell'),(510,'Nicolais','Gyenes'),(511,'Lanny','Borwick'),(512,'Margret','Whittington'),(513,'Brucie','McColm'),(514,'Arie','Chantrell'),(515,'Corty','McNicol'),(516,'Ellwood','Carville'),(517,'Rycca','Gloyens'),(518,'Merry','Tamlett'),(519,'Doyle','Housecroft'),(520,'Northrup','Creboe'),(521,'Ashli','Howard - Gater'),(522,'Nap','Paulsen'),(523,'Aldric','Radoux'),(524,'Constantino','Kondrachenko'),(525,'Slade','Dallosso'),(526,'Becka','Whinney'),(527,'Selena','Bennedick'),(528,'Georgie','Rosenbarg'),(529,'Latrena','Skipworth'),(530,'Scarface','Tousy'),(531,'Edgard','Skells'),(532,'Bjorn','Palle'),(533,'Lynea','Kleinhandler'),(534,'Lynsey','Yukhnini'),(535,'Zilvia','Mogenot'),(536,'Mechelle','MacParland'),(537,'Raquela','Durbin'),(538,'Mikaela','Stigell'),(539,'Rennie','Ilyenko'),(540,'Ulric','Seeger'),(541,'Tobie','Woolvett'),(542,'Elyssa','Ivashev'),(543,'Sergent','Shawcroft'),(544,'Adrianne','Coche'),(545,'Salem','Fieldsend'),(546,'Giana','Haslehurst'),(547,'Emerson','Toler'),(548,'Augustin','Durward'),(549,'Colet','McKeurtan'),(550,'Pansie','Bromell'),(551,'Corinne','Saltwell'),(552,'Aimee','Mulgrew'),(553,'Leeann','Tomicki'),(554,'Donnamarie','Jandera'),(555,'Peggy','Troker'),(556,'Hannah','Pettegree'),(557,'Karine','Downes'),(558,'Sharyl','Browncey'),(559,'Tiphani','Eborn'),(560,'Dur','Peyton'),(561,'Dex','Tinn'),(562,'Guendolen','Connochie'),(563,'Brigida','Cudihy'),(564,'Rachele','Jennemann'),(565,'Cloe','Nestle'),(566,'Lilah','Baggelley'),(567,'Mathias','Radborne'),(568,'Forester','Elfes'),(569,'Nicolis','Kleinbaum'),(570,'Chelsae','Lagde'),(571,'Edith','Everist'),(572,'Benjy','Emmett'),(573,'Itch','Hazeup'),(574,'Minette','Swire'),(575,'Vite','Mantz'),(576,'Esra','Moulder'),(577,'Stanwood','Ginnell'),(578,'Brnaby','Fellos'),(579,'Grange','Stott'),(580,'Meredith','Blacklock'),(581,'Tobin','Noli'),(582,'Kahaleel','de la Tremoille'),(583,'Erena','McDonogh'),(584,'Claudius','Brodhead'),(585,'Aeriela','Erie'),(586,'Lethia','Ledes'),(587,'Kayley','Dimmick'),(588,'Christiana','Grocutt'),(589,'Stuart','Tingcomb'),(590,'Simonette','Blumire'),(591,'Walton','Cabrer'),(592,'Ellswerth','Conlon'),(593,'Annmaria','Mytton'),(594,'Rollins','Guilloneau'),(595,'Frederica','Elsmore'),(596,'Jenn','Samuels'),(597,'Toiboid','Kindell'),(598,'Bellina','Menendes'),(599,'Cosmo','Murrigans'),(600,'Perry','Scintsbury'),(601,'Kit','Hacket'),(602,'Nada','Fairfoull'),(603,'Bernie','Shuttleworth'),(604,'Barret','Odam'),(605,'Shurlocke','Kilbane'),(606,'Klement','Whitefoot'),(607,'Mabelle','Popham'),(608,'Roxie','Ivison'),(609,'Joye','Petrolli'),(610,'Althea','Lavigne'),(611,'Valene','Beddall'),(612,'Binky','Pedersen'),(613,'Casper','Buddleigh'),(614,'Roberto','Milley'),(615,'Leicester','Jimmes'),(616,'Helaina','Rospars'),(617,'Curcio','Tassell'),(618,'Jonis','Gell'),(619,'Margeaux','Ennor'),(620,'Abby','Castello'),(621,'Leigha','Polk'),(622,'Wilden','Marshman'),(623,'Tarah','Skurray'),(624,'Fanchon','Craven'),(625,'Rutherford','Mattioli'),(626,'Pietra','Lindstedt'),(627,'Claude','Ehrat'),(628,'Loydie','Twigg'),(629,'Ferris','Axston'),(630,'Gibby','Reina'),(631,'Maury','McCaighey'),(632,'Ibbie','Wrightham'),(633,'Bev','Cayley'),(634,'Bendix','Sherrett'),(635,'Thaddus','Kerrey'),(636,'Sabina','Jefford'),(637,'Ken','Hawkeswood'),(638,'Noellyn','Lackington'),(639,'Pascale','Verheijden'),(640,'Onfre','Ogilvie'),(641,'Janey','Tremblot'),(642,'Sharia','Altoft'),(643,'Eugine','Sharland'),(644,'Con','Brymham'),(645,'Rhianna','O\'Fihillie'),(646,'Yolanda','Biscomb'),(647,'Annnora','Follan'),(648,'Marya','Stable'),(649,'Martica','Boskell'),(650,'Allina','Huddart'),(651,'Glennie','Paver'),(652,'Cindee','Bury'),(653,'Bernice','Skeggs'),(654,'Cass','Vedekhin'),(655,'Carina','Sired'),(656,'Packston','Plenderleith'),(657,'Linette','Kerford'),(658,'Cordi','Ellerker'),(659,'Kirbie','Icom'),(660,'Anthia','Bulfield'),(661,'Orrin','Gofton'),(662,'Ilse','Pettifor'),(663,'Brook','MacKain'),(664,'Layton','Lorraine'),(665,'Marylee','Elgram'),(666,'Berkly','Master'),(667,'Nyssa','Klauber'),(668,'Martino','Saiens'),(669,'Vlad','Joel'),(670,'Waneta','Spender'),(671,'Boonie','O\'Rafferty'),(672,'Carmine','Bower'),(673,'Nikolas','Markham'),(674,'Eugene','Jeannaud'),(675,'Jarvis','Bugby'),(676,'Nataline','Pack'),(677,'Nadeen','Valadez'),(678,'Maxwell','Wheatman'),(679,'Yurik','Rye'),(680,'Boycie','Buckler'),(681,'Cortney','Eplett'),(682,'Inesita','Warton'),(683,'Ilka','Gerrill'),(684,'Sheffy','Sloegrave'),(685,'Winona','Camilletti'),(686,'Ag','Habershaw'),(687,'Angele','Dowdle'),(688,'Harbert','Whitehall'),(689,'Renie','Chessum'),(690,'Ulick','Harkness'),(691,'Judith','Lagen'),(692,'Marijo','De la Harpe'),(693,'Myron','Carder'),(694,'Carmella','Sennett'),(695,'Kory','Paradise'),(696,'Dene','Bartlett'),(697,'Gannon','Ritelli'),(698,'Jane','Domenicone'),(699,'Tiff','Tomasino'),(700,'Adelina','Munkton'),(701,'Annabela','Gisborne'),(702,'Rafaela','Aleksic'),(703,'Alexine','Secombe'),(704,'Modesty','Innett'),(705,'Maiga','Cowl'),(706,'Jakie','Pleass'),(707,'Karina','Dandison'),(708,'Stephie','Beers'),(709,'Nikkie','Petrenko'),(710,'Meggy','Barthelme'),(711,'Madonna','Summerlee'),(712,'Rebecka','Iori'),(713,'Ardelia','Carlyon'),(714,'Kristopher','Johansson'),(715,'Torey','Jiran'),(716,'Shellysheldon','Esgate'),(717,'Maybelle','Borwick'),(718,'Emmit','Iddenden'),(719,'Concettina','Mandeville'),(720,'Marianne','Bertlin'),(721,'Sophey','Reardon'),(722,'Killian','Hargie'),(723,'Felicity','Nabbs'),(724,'Hadleigh','Arnaudon'),(725,'Alvis','Bohling'),(726,'Felicio','Pashby'),(727,'Dayna','Rabbage'),(728,'Zulema','Markel'),(729,'Kacey','Wearn'),(730,'Valdemar','Fairbard'),(731,'Malcolm','Gary'),(732,'Marje','Ettery'),(733,'Penelope','Surgen'),(734,'Jacinda','Brason'),(735,'Rosabel','Colliford'),(736,'Aldous','Kayser'),(737,'Reynard','Baldi'),(738,'Jacobo','Bostick'),(739,'Jasen','Barnes'),(740,'Othella','Litherborough'),(741,'Abelard','Millan'),(742,'Berton','Tolumello'),(743,'Wanids','MacKall'),(744,'Eada','Corps'),(745,'Keenan','Darrigoe'),(746,'Crista','Allender'),(747,'Magnum','Payfoot'),(748,'Heidi','Barrell'),(749,'Pierrette','Gabriely'),(750,'Elwin','Ferneyhough'),(751,'Zulema','Syer'),(752,'Melicent','Etoile'),(753,'Ian','Bourdon'),(754,'Jada','Basnett'),(755,'Ragnar','Mullinder'),(756,'Homer','Staries'),(757,'Lamond','De Courtney'),(758,'Magdalene','Gostyke'),(759,'Joyce','Kiltie'),(760,'Elenore','Christopher'),(761,'Emyle','Giacomini'),(762,'Petronella','Ivanov'),(763,'Pauletta','Danielsen'),(764,'Dallas','Godmar'),(765,'Alyson','Robic'),(766,'Brad','McTavy'),(767,'Vina','Grimsditch'),(768,'Sawyer','Gerred'),(769,'Maurice','Bertomieu'),(770,'Anallese','Soal'),(771,'Devonne','Lidden'),(772,'Arin','Whitechurch'),(773,'Eryn','Robben'),(774,'Hanson','Steffens'),(775,'Annabella','Oxteby'),(776,'Cleve','Ormrod'),(777,'Kip','Baudichon'),(778,'Keefe','Learmonth'),(779,'Oran','McCafferky'),(780,'Loralee','Artis'),(781,'Stesha','Seide'),(782,'Allayne','Denford'),(783,'Giusto','Holbarrow'),(784,'Jacquelyn','Brotherhed'),(785,'Erroll','Clerke'),(786,'Danny','Simson'),(787,'Richardo','Okell'),(788,'Winfield','Laycock'),(789,'Stace','Kiessel'),(790,'Glenda','Degli Antoni'),(791,'Darrin','Blackall'),(792,'Glenn','Alfonso'),(793,'Dredi','Barrett'),(794,'Sean','Ivashechkin'),(795,'Starlene','O\'Shevlan'),(796,'Conny','Gooday'),(797,'Emmalyn','Randell'),(798,'Romy','Bourcq'),(799,'Auberon','Kenlin'),(800,'Kellen','Nibley'),(801,'Janenna','Antoniou'),(802,'Cinnamon','Pomfret'),(803,'Hyacintha','Edess'),(804,'Crystie','Fryman'),(805,'Domini','Coldbath'),(806,'Tedie','Everett'),(807,'Aurel','Gingell'),(808,'Elnora','Filkov'),(809,'Margi','Ramsden'),(810,'Billie','Shoemark'),(811,'Morley','Lockier'),(812,'Eryn','Pymar'),(813,'Man','Roydon'),(814,'Frankie','Izatt'),(815,'Giana','Andren'),(816,'Augustina','Lodford'),(817,'Demetris','Victory'),(818,'Terri-jo','Clemmitt'),(819,'Sonny','Maultby'),(820,'Isidoro','Duffil'),(821,'Idelle','Kleinstern'),(822,'Kean','Conradie'),(823,'Terencio','Chinnick'),(824,'Herc','Mullany'),(825,'Karlotte','Elgood'),(826,'Celinka','Cruces'),(827,'Marjie','Parkeson'),(828,'Alyson','Opdenort'),(829,'Fionnula','Carlino'),(830,'Letta','Bassham'),(831,'Letty','Ciardo'),(832,'Damara','Cantu'),(833,'Sergent','Baglan'),(834,'Bryn','Lamblot'),(835,'Korie','Savidge'),(836,'Pepita','Farney'),(837,'Benito','Sijmons'),(838,'Broddy','Nibloe'),(839,'Birgit','Boulton'),(840,'Garrick','Zarfat'),(841,'Teodorico','Lampe'),(842,'Irena','Springtorpe'),(843,'Eudora','Hrus'),(844,'Richart','Drewry'),(845,'Chad','Northill'),(846,'Gardiner','Friedank'),(847,'Corella','Lepere'),(848,'Winfred','Bowskill'),(849,'Lind','Notti'),(850,'Lyssa','Aldrick'),(851,'Swen','Hellings'),(852,'Nial','Francomb'),(853,'Aggie','Galler'),(854,'Birgitta','Winning'),(855,'Felix','Kuhnel'),(856,'Ronda','Leifer'),(857,'Verne','August'),(858,'Rachelle','Stiddard'),(859,'Thorin','Dyet'),(860,'Merci','Seniour'),(861,'Felecia','Dutt'),(862,'Christean','Tootell'),(863,'Nissa','Presswell'),(864,'Austina','Sylett'),(865,'Ash','Gerholz'),(866,'Grazia','Whitmell'),(867,'Marley','Prendergast'),(868,'Gerhardt','Linck'),(869,'Cristabel','Martell'),(870,'Devland','Hubner'),(871,'Adelina','Treverton'),(872,'Dorothy','Sackey'),(873,'Ikey','Wondraschek'),(874,'Paige','Topliss'),(875,'Margot','Winfindine'),(876,'Maxie','Iscowitz'),(877,'Jelene','Gallegos'),(878,'Gabbie','Atwill'),(879,'Roderich','Basindale'),(880,'Chiquita','Gawthrop'),(881,'Natala','Kunath'),(882,'Humfried','Bowart'),(883,'Gisella','Crennell'),(884,'Massimiliano','Mairs'),(885,'Buddie','McGettigan'),(886,'Augusto','Pallister'),(887,'Osbert','Nulty'),(888,'Ursula','Larway'),(889,'Vernice','Coley'),(890,'Tabatha','Etter'),(891,'Ardeen','Shambrook'),(892,'Lottie','Rennles'),(893,'Sydelle','Dupree'),(894,'Ceil','Langer'),(895,'Antonetta','Grundwater'),(896,'Madalena','Comar'),(897,'Briggs','Tweddell'),(898,'Mellisa','Barck'),(899,'Velvet','Sisey'),(900,'Ardenia','Ginni'),(901,'Hildegarde','Dunstone'),(902,'Rowney','Tidbold'),(903,'Carola','Loughrey'),(904,'Garrik','Balthasar'),(905,'Bradan','Meagh'),(906,'Domeniga','De Few'),(907,'Marcile','Kenningham'),(908,'Alley','Parradine'),(909,'Hasheem','Phoenix'),(910,'Rubie','Deighton'),(911,'Sidonia','Wisam'),(912,'Rafaellle','Hedney'),(913,'Charmion','Biskupski'),(914,'Vernen','Shaul'),(915,'Estell','Caldeiro'),(916,'Perri','McCaskill'),(917,'Benedikt','Stoker'),(918,'Erica','Garthside'),(919,'Gaylord','Handmore'),(920,'Jojo','Fenton'),(921,'Kay','Mantripp'),(922,'Prinz','Balducci'),(923,'Gilli','Stobart'),(924,'Morganne','Thomke'),(925,'Gabey','Beininck'),(926,'Lucian','Giovannacci'),(927,'Fey','Scala'),(928,'Waylon','Fentem'),(929,'Tam','MacGowing'),(930,'Chrysa','Couves'),(931,'Edin','Snoad'),(932,'Wanids','Kobu'),(933,'Odie','Gotts'),(934,'Paulita','Mor'),(935,'Maurise','Curbishley'),(936,'Bree','Leaning'),(937,'Fern','Redihalgh'),(938,'Elizabet','McBratney'),(939,'Agnola','Newlands'),(940,'Boycey','Flinders'),(941,'Ethelyn','Kirsch'),(942,'Emilio','Perrott'),(943,'Essy','Glas'),(944,'Yorke','MacSharry'),(945,'Wilburt','Bruinemann'),(946,'Greg','Noon'),(947,'Angela','Beales'),(948,'Abigael','Van der Merwe'),(949,'Sterling','Varfalameev'),(950,'Toinette','Mart'),(951,'Shelia','Barthelme'),(952,'Jerry','Collop'),(953,'Candy','Needs'),(954,'Melisent','Baroc'),(955,'Tab','Gillbard'),(956,'Otis','Kivlehan'),(957,'Garey','Baddam'),(958,'Kayne','Brann'),(959,'Isadore','McRonald'),(960,'Renate','Wrennall'),(961,'Perceval','Barthrup'),(962,'Tadd','Iacovini'),(963,'Cirilo','McKeney'),(964,'Brigid','Aimson'),(965,'Maryellen','Prine'),(966,'Marketa','Johnes'),(967,'Lowe','Elloy'),(968,'Henrik','FitzGilbert'),(969,'Gabriela','Silverstone'),(970,'Bryce','Maskew'),(971,'Kara-lynn','Lathbury'),(972,'Danette','Enrich'),(973,'Rafaelia','Claricoates'),(974,'Gerard','Pinckstone'),(975,'Jocelyn','Krysztowczyk'),(976,'Fidela','Padgett'),(977,'Karlotte','Markushkin'),(978,'Afton','Millwater'),(979,'Dar','Jeffry'),(980,'Lucita','Honack'),(981,'Urbano','Mieville'),(982,'Stevie','Tweedy'),(983,'Nolie','Severns'),(984,'Margarita','Angear'),(985,'Anna-diane','Robelet'),(986,'Erskine','De Hooch'),(987,'Davy','Rydings'),(988,'Moreen','Dominick'),(989,'Ezra','Genn'),(990,'Florrie','Trayling'),(991,'Ricky','Kirsche'),(992,'Odell','Dominighi'),(993,'Collette','Richardes'),(994,'Teddy','Wale'),(995,'Lenore','Chevolleau'),(996,'Riva','Brackstone'),(997,'Page','Sheers'),(998,'Roberta','Asprey'),(999,'Myrta','Heaps'),(1000,'Dwight','Gaskins');
/*!40000 ALTER TABLE `article_authors` ENABLE KEYS */;
UNLOCK TABLES;

--
-- Table structure for table `article_requests`
--

DROP TABLE IF EXISTS `article_requests`;
/*!40101 SET @saved_cs_client     = @@character_set_client */;
/*!40101 SET character_set_client = utf8 */;
CREATE TABLE `article_requests` (
  `article_request_id` int(11) NOT NULL AUTO_INCREMENT,
  `title` varchar(45) NOT NULL,
  `author_name` varchar(45) NOT NULL,
  `publication_date` varchar(45) NOT NULL,
  `publication_name` varchar(45) NOT NULL,
  PRIMARY KEY (`article_request_id`)
) ENGINE=InnoDB DEFAULT CHARSET=utf8;
/*!40101 SET character_set_client = @saved_cs_client */;

--
-- Dumping data for table `article_requests`
--

LOCK TABLES `article_requests` WRITE;
/*!40000 ALTER TABLE `article_requests` DISABLE KEYS */;
/*!40000 ALTER TABLE `article_requests` ENABLE KEYS */;
UNLOCK TABLES;

--
-- Table structure for table `articles`
--

DROP TABLE IF EXISTS `articles`;
/*!40101 SET @saved_cs_client     = @@character_set_client */;
/*!40101 SET character_set_client = utf8 */;
CREATE TABLE `articles` (
  `article_id` int(11) NOT NULL AUTO_INCREMENT,
  `article_name` varchar(45) NOT NULL,
  `publication_name` varchar(45) NOT NULL,
  `publication_date` date NOT NULL,
  `author_id` int(11) NOT NULL,
  PRIMARY KEY (`article_id`),
  KEY `author_id_fk_idx` (`author_id`),
  CONSTRAINT `author_id_fk` FOREIGN KEY (`author_id`) REFERENCES `article_authors` (`author_id`) ON UPDATE NO ACTION
) ENGINE=InnoDB AUTO_INCREMENT=1001 DEFAULT CHARSET=utf8;
/*!40101 SET character_set_client = @saved_cs_client */;

--
-- Dumping data for table `articles`
--

LOCK TABLES `articles` WRITE;
/*!40000 ALTER TABLE `articles` DISABLE KEYS */;
INSERT INTO `articles` VALUES (1,'Control Calories When Eating Out','New York Times','2013-03-11',804),(2,'Soy','The Observer','2000-09-07',49),(3,'The Perfect Diet Food','The Guardian','1995-05-23',654),(4,'Whole Grains','The Herald','2002-02-22',683),(5,'Dairy','New York Daily News','2002-11-01',771),(6,'What to Eat','The Independent','2011-07-25',265),(7,'Benefits of Tea','Daily Mirror','2014-01-05',93),(8,'Facts About Coffee','The Daily Telegraph','2000-05-07',936),(9,'Low-Carb Eating','Chicago Tribune','2016-09-25',870),(10,'Can Diet Prevent Alzheimers?','The Intelligencer','1998-04-14',751),(11,'Link Between Diet and Breast Cancer','The Wall Street Journal','2012-12-13',40),(12,'Diet and Diabetes','The Washington Post','1991-03-28',363),(13,'Diet for Better Energy','Alternative newspaper','2007-02-02',358),(14,'Nutrition Guidelines','The Courier','2013-08-07',111),(15,'Fruits and Veggies','Los Angeles Times','2002-09-30',984),(16,'Healthy Recipies','The Times','2001-08-09',291),(17,'Measuring Body Fat','Daily Express','2007-09-29',225),(18,'Filling Up on Fiber','Evening Chronicle','1995-09-05',425),(19,'Food Pyramid','Financial Times','2014-04-08',896),(20,'Hidden Fats','Edinburgh Evening News','2009-05-29',507),(21,'Good Fats, Bad fats','USA Today','1996-01-15',886),(22,'Say not to Soda','The Times of India','2008-01-19',666),(23,'Sources of Potassium','The Hindu','2015-10-14',895),(24,'Vegetarian Pregnancy','Chicago Sun-Times','2008-03-02',813),(25,'Birth Defects and the Maternal Diet','Tampa Bay Times','1992-05-16',495),(26,'Foods that Reduce Bone Density','The Boston Globe','1991-05-12',498),(27,'Prevent Osteoporosis','Daily Mail','2011-12-06',747),(28,'Fiber','The Plain Dealer','2009-06-07',270),(29,'Heart Health','Hartford Courant','2002-09-18',213),(30,'Carbs','Commercial Advertiser','2012-12-20',436),(31,'Diet and Eye Disease','The Independent Journal','1996-11-07',956),(32,'Heart Healthy','Daily Star','2003-11-25',815),(33,'The Skinny on Fat','The Tribune','2002-06-22',960),(34,'Good Carbs, Bad Carbs','Pittsburgh Post-Gazette','2008-10-08',289),(35,'Hypertension and Diet','Newsday','1993-04-22',185),(36,'Protein','The Sun','1992-05-13',606),(37,'Organic Produce','The Mercury News','1999-01-21',501),(38,'Food Safety','The Barnstable Patriot','2015-05-18',362),(39,'Glycemic Load','Daily Record','2012-06-24',398),(40,'Food Additives','The Philadelphia Inquirer','1997-05-21',968),(41,'Mad Cow Disease','The Morning Chronicle','2006-02-27',934),(42,'Weight Loss','Evening Times','1997-02-10',370),(43,'Dangers of Obesity','The Daily Planet','2016-07-22',190),(44,'Fad Diets','Amsterdam News','1999-08-30',323),(45,'Vitamin B12','Buffalo News','1993-01-22',561),(46,'Vitamin D','Chelsea Now','2014-10-18',13),(47,'Calcium Supplements','Daily Gazette','2000-09-19',13),(48,'Fasting','Downtown Express','2004-06-17',816),(49,'Fast Food Chains','East Hampton Star','1995-02-11',645),(50,'Gluten','Cornell Daily Sun','1998-10-07',187),(51,'Broccoli','Columbia Journalism','1991-03-01',835),(52,'Home Gardens','Garden City News','1992-08-02',187),(53,'Honey','Huffington Post','1990-10-22',217),(54,'Dietary Supplements','Hudson Valley Press','2011-05-03',627),(55,'Nutrition Labels','Gotham Gazette','2002-04-05',997),(56,'Sugar','Greenpoint Gazette','2011-11-14',548),(57,'Soda','Irish America','1992-12-16',997),(58,'Fizzy Drinks','Journal','2009-03-10',988),(59,'Food Portions','Journal Register','2006-04-30',42),(60,'Sugary Drinks','Leader','2003-04-11',198),(61,'Turkey Making You Tired?','Legislative Gazette','2000-11-07',597),(62,'Plant-Based Food','Long Island Advance','2005-01-12',638),(63,'Fish','Long Island Press','2017-03-23',915),(64,'Chocolate','Long Island Business','2002-09-13',534),(65,'American Diet','Metroland','2005-09-27',121),(66,'Trendy Foods','Mid Husdon News','1995-06-17',329),(67,'Paelo Diet','New York','2009-12-26',269),(68,'Olive Oil for Cooking','New York Beacon','2004-08-08',84),(69,'Sunflower Oil OK for Heart','New York Carib News','2011-06-17',596),(70,'Less Salt','NBC News','2010-08-06',544),(71,'Healthy Food, Healthy Life','MPN Now','2008-01-12',320),(72,'Overeating','Norwood News','1991-09-26',824),(73,'Toxic Sugar','Observer ','2000-09-14',31),(74,'Eating More in the Winter','Observer Review','2001-10-06',770),(75,'Red Wine','Our Time Press','2011-10-03',116),(76,'Carrot','Pace Press','2016-01-11',420),(77,'Smaller Plates?','Palladium Press','2006-11-30',150),(78,'Finger Foods','Papermag','2003-11-16',927),(79,'Diet and Fitness Secrets','Pelham Weekly','1990-11-06',88),(80,'Mediterranian Diet','Philipstown','2011-08-08',352),(81,'Melatonin','Post Journal','1997-01-09',675),(82,'Too Much Protein?','Post Star','1997-05-06',467),(83,'49 Worst Foods','Putnam County News','2004-01-17',396),(84,'Too Much Juice?','Queens Courier','2008-08-14',796),(85,'National Nutrition Month','Queens Gazette','2001-02-08',76),(86,'Oreos','Queens Tribune','1990-09-09',964),(87,'Added Sugar','Recorder','2014-03-10',141),(88,'Selenium Supplements','Register Star','2004-10-02',584),(89,'Gaps in Fast-Food Nutrition Information','Resident','2016-04-01',695),(90,'Get Kids to Eat Their Veggies','Riverdale Press','2000-03-10',317),(91,'Lack of Vitamin D','Rochester City Newspaper','2006-12-08',933),(92,'Food and Fitness','Rockland County Times','1991-08-22',216),(93,'Diet Supplements','Sag Harbor Express','2002-06-17',276),(94,'Drunk Diet','Skidmore News','2013-06-29',223),(95,'Eating Your Feelings','Star Gazette','1994-05-10',60),(96,'Low-Carb, Low-Fat','Staten Island Advance','2009-06-13',196),(97,'High Fructose Corn Syrup','Suffolk County News','2000-12-01',39),(98,'Food Aromas','The Beacon','2007-08-15',661),(99,'Stay Slim With Chocolate','The Epoch Times','2007-05-22',817),(100,'Unroasted Coffee Beans','The Examiner','2000-11-25',234),(101,'Diet Soda','The Ithaca Journal','2002-11-24',711),(102,'Crash Diet','The National Herald','2005-10-02',764),(103,'Diets for Kids','The Villager','2016-07-06',116),(104,'Breakfast','Times Ledger','1993-11-14',109),(105,'Cut Calories','Times Newsweekly','2006-09-26',952),(106,'Unhealthy Drinks','Times Union','2000-08-02',203),(107,'Salmonella','Torch','2016-01-27',952),(108,'Sports Drinks','Tribeca Trib','2010-09-27',888),(109,'Junk Food','Tricorner News','2000-10-14',271),(110,'Mangoes','Troy Record','2001-07-29',740),(111,'Soda Ban','Ulster Publishing','2002-09-16',579),(112,'Apples','UN News Center','2002-08-23',813),(113,'Fluoride in Water','Valley News','1996-12-13',75),(114,'Bagged Lettuce','Village Voice','2009-04-10',233),(115,'Dried Fruit','Washington Square News','1997-10-17',930),(116,'Tuna','Watertown Daily News','2001-09-17',28),(117,'Cafeteria Food','Wellsville Daily Reporter','2008-05-10',560),(118,'Microwave Popcorn','Westfield Reporter','2010-09-04',762),(119,'TOPS Diet','Wired','1994-07-15',554),(120,'Soda Machines','Asbury Park Press','2010-07-08',503),(121,'Dark Chocolate','Atlantic Herald','1991-02-12',40),(122,'Calcium and Vitamin D','Becon','1990-07-02',104),(123,'Antioxidants','Atlantic City Weekly','1999-01-29',574),(124,'School Lunches','Bergen News','1998-02-15',404),(125,'Iron Pills','Brick Times','1993-11-05',181),(126,'Food Poisoning','Campus Press','2002-09-15',689),(127,'Peanut Butter','Pennington Post','1997-09-30',846),(128,'Chewing Gum','Chatham Courier','2014-06-06',909),(129,'Mealtime Distractions','Cherry Hill Sun','2001-02-23',797),(130,'Spirulina','Clifton Journal','1994-09-15',89),(131,'Coffee for Your Liver','Courier Post','2006-06-20',618),(132,'Gluten Labeling','Cranbury Press','2007-02-28',294),(133,'Diet-Busting Foods','Daily Targum','2001-08-21',472),(134,'Celiac Disease','Citizen','1995-04-16',525),(135,'Boost Mood and Metabolism','Monitor','1998-03-03',111),(136,'Good Mood Foods','Acorn','2010-11-26',912),(137,'Stress-Proof Diet','Echoes Sentinel','1998-07-15',783),(138,'Medication and Weight Gain','Edgewater View','2017-01-09',133),(139,'Stress and Obesity','Ewing Observer','2015-10-29',635),(140,'Stop Eating Your Anger','Flanders NJ News','1991-11-01',146),(141,'Food Addictions','Florham Park Eagle','1998-08-16',905),(142,'Worst Foods For Stress','Fort Lee Suburbanite','2001-04-08',994),(143,'Vegan Diet to Help Fight Cancer','Glen Ridge Voice','2010-03-21',925),(144,'Smart Snacks','Government News','2006-04-01',473),(145,'Fast-Food Guide','Greater Media Newspapers','2016-09-09',890),(146,'Dining Out Myths','Westfield Leader','2004-02-18',843),(147,'Grocery Shopping','Hackensack Chronicle','1995-07-13',746),(148,'Satisfy Your Sweet Tooth','Hamilton Post','1997-05-30',242),(149,'Midnight Snacks','Hanover Eagle','2001-05-03',339),(150,'Secret to Healthy Cooking','Hoboken Reporter','2008-02-19',737),(151,'Curb Cravings','Howell Times','1995-08-10',323),(152,'Turn a Bad Habit into a Good Idea','Current Weekly','1993-11-26',52),(153,'Pass the Protein','Hudson Reporter','2012-08-15',126),(154,'Feel Full Faster','Jersey City Reporter','2004-07-25',401),(155,'Food Labels','News Leader','2000-09-22',541),(156,'Summer Grilling','Madison Eagle','1995-09-11',831),(157,'Raw Milk','Medford Sun','2009-04-30',220),(158,'Water','Manville News','2015-05-01',21),(159,'Eat Eggs','Messenger Press','2011-09-10',71),(160,'Worst Fast Food','Montclair Times','2004-01-18',931),(161,'Hospital Food High in Salt','Morris News Bee','2008-03-31',449),(162,'Boost Memory','Mount Olive Chronicle','2014-05-26',377),(163,'Cooking Veggies','Burlington County Times','1998-04-26',664),(164,'Superfoods','Home News Tribune','1996-02-10',264),(165,'Cooking with Tofu','Herald News','1996-04-08',145),(166,'Cooking Fish','NJ Globe','1995-01-31',625),(167,'Weight Loss Medications','NJ Life','2005-01-17',881),(168,'Folic Acid','NJ Newsroom','2010-10-31',248),(169,'Multivitamin','NJ','1996-05-15',54),(170,'Apple Cider Vinegar','NJ Biz','2016-12-06',26),(171,'Acai Berry','NJ Herald','2003-12-22',276),(172,'Fish Oil','Vector','1995-02-24',492),(173,'Flaxseed','NJ Today','1995-06-14',776),(174,'Vitamin B6','North Bergen Reporter','2003-01-02',832),(175,'Vitamin C','North Jersey','2005-07-28',430),(176,'Portion Size','Nutley Sun','1995-10-16',158),(177,'Burn Fat','Ocean City Gazette','1996-02-28',560),(178,'Metabolism Makeover','Sand Paper','2012-06-15',895),(179,'Exercise Saves Lean Body Mass','Ocean County Journal','2010-06-07',785),(180,'Too Much Fruit?','Observer Reporter','2014-02-12',727),(181,'Improving Your Health','Our Town','1991-03-09',80),(182,'5 Nutrition Secrets','Paramus Post','2008-03-15',605),(183,'Nutrition Education','Parsippany Life','1994-03-09',946),(184,'Sports Nutrition','Pioneer Times','1994-03-12',641),(185,'Nutrition App','Press of Atlantic City','2017-01-11',574),(186,'Saturated Fats','US 1','2012-08-17',617),(187,'Non-Saturated Fats','Princeton Packet','1993-10-05',13),(188,'Academy of Nutrition','Princeton Spectator','1999-12-17',53),(189,'French Fries ','Randolph Reporter','1992-08-04',213),(190,'Nutrition Challenges','Register News','2000-03-31',203),(191,'Food and Nutrition','Cumberland County Reminder','1998-11-24',453),(192,'Vitamin A','River View Observer','1996-12-27',745),(193,'Zinc','Roxbury Register','1993-11-17',716),(194,'Infant Health','Setonian','1991-09-18',309),(195,'BMI','Shore News Today','2009-09-05',107),(196,'Smoothies','South Brunswick Post','2011-12-12',506),(197,'Post-Workout Nutrition','South Jersey Local News','2016-07-30',163),(198,'Frozen Veggies','South Plainfield Observer','2010-04-06',174),(199,'Nutrition and Genetics','Cape May Star','2008-05-23',177),(200,'Gluten-Free Foods','Cape May Wave','1996-11-01',498),(201,'Vegan Diets','Coast Star','1997-07-09',631),(202,'Can Wine Protect Your Neurons','Ocean Star','1999-06-25',447),(203,'Nutrition Data','Straus News','2012-03-28',758),(204,'Vegetarian Diets','Signal','2006-06-09',417),(205,'Nutrition Trends','Teaneck Suburban','1998-12-25',973),(206,'Benefits of Grain','The Aquarian','1995-05-01',27),(207,'Butter vs Olive Oil','The Beachcomber','1995-05-21',124),(208,'Food Engineering','The Belleville Times','1992-12-21',303),(209,'Legumes','The Buckingham Post','2014-12-08',233),(210,'Type 2 Diabetes and Food','Cape May Gazette','1992-10-05',987),(211,'Infant Nutrition','The Coaster','2006-05-19',77),(212,'Broccoli Prevents Cancer','The Daily Journal','2011-06-01',394),(213,'Hydroponic Vegetable Nutrition','The Jackson Times','2011-10-08',607),(214,'Whole Wheat','Manchester Times','2008-07-17',77),(215,'Soy Milk','Monmouth Journal','2001-03-18',834),(216,'Cashew Milk','Montclarion','2000-11-15',709),(217,'Almond Milk','The Neighbor News','2012-04-03',712),(218,'Coconut Milk','The Observer','2015-12-11',843),(219,'Genes and Diet','The Progress','2015-03-16',326),(220,'Vegan Kids','The Retrospect','2014-10-16',381),(221,'Nutrition Mission','The Rider News','2002-12-09',932),(222,'Infant Formula','The Stute','1995-10-01',260),(223,'Pig Nutrition','The Toms River Times','2004-07-17',808),(224,'Getting Kids to Eat Veggies','The Two Rivers Times','2009-06-30',536),(225,'Supersize meals','The Whit','2017-01-10',299),(226,'Meatless Burgers','The Wildwood Ledger ','2001-01-23',42),(227,'Pumpkin Seeds','Scotch Plains Fanwood Times','2014-05-15',487),(228,'Frozen Fruits','Trentonian','2014-12-06',984),(229,'Fix Your Nutrition with A DNA Test','Tri City News','2005-01-21',697),(230,'How Flavor Drives Nutrition','Upper Township Gazette','2006-02-09',323),(231,'Hot Chili Peppers','West Windsor','1996-11-16',860),(232,'Lentils','Plainsboro','2002-01-14',196),(233,'Next Hot Food Trends','Back Bay Sun','2016-01-25',145),(234,'Big Sugar','Banner','1991-09-11',533),(235,'Lactose Intolerance','Bay State Banner','2003-05-18',272),(236,'Saturated Fat and Heart Health','Bay Windows','2004-12-05',382),(237,'Limes','Beacon Hills Times','2012-08-09',579),(238,'Chickpeas','Boston Globe','2012-01-20',705),(239,'Coconut Oil','Boston Herald','2009-01-05',310),(240,'Feeding Type','Cape Cod Times','2003-03-08',748),(241,'School Lunch Nutrition','Comment','1999-02-04',914),(242,'Vegan Athletes','Community Advocate','1992-11-24',687),(243,'Calorie Intake','Daily Free Press','2007-01-16',238),(244,'Nutrition Statistics','Daily Item','2007-04-08',218),(245,'Food and Exercise','Dorchester Reporter','1992-06-27',15),(246,'Lemons','Eagle Tribune','1993-05-03',87),(247,'Nutrition Month','East Bay','1991-03-30',233),(248,'Avocados','East Boston','2000-02-18',239),(249,'Post-Exercise Nutrition','Enterprise News','1994-10-29',656),(250,'Nuts','Foxboro Reporter','2009-01-24',602),(251,'Mushrooms','Harvard Press','2005-10-19',78),(252,'Pumpkin','Heights','1995-06-13',849),(253,'Raspberries','Home News Here','2012-08-25',679),(254,'Blueberries','Hometown Weekly','1993-03-23',812),(255,'Cucumbers','Improper Bostonian','2012-04-11',170),(256,'Omega-3','Lowell Sun','2016-10-18',76),(257,'Eggplant','Lynn Journal','2013-08-12',1),(258,'Watermelon','Metro Daily West News','2003-03-28',180),(259,'Tomatoes','Milford Daily News','2006-05-07',999),(260,'Potatoes','Mission Hill Gazette','2006-05-07',760),(261,'Papaya','New England Business','2016-04-05',697),(262,'Pomegranate','Patriot Ledger','1995-08-17',970),(263,'Corn','Post Gazette','2014-02-06',825),(264,'Gelatin','Recorder','2014-12-04',289),(265,'Watercress','Revere Journal','1992-01-14',505),(266,'Spinach','Salem News','1999-05-25',768),(267,'Cauliflower','South Boston Online','2011-01-18',25),(268,'Brussel Sprouts','South End News','1991-12-25',356),(269,'Strawberries','South Coast Today','1991-03-06',952),(270,'Grapes','The Advocate','2001-07-11',448),(271,'Pears','The Crusader','2007-01-12',631),(272,'Bananas','The Gatepost','1999-07-11',927),(273,'Onions','The Harvard Crimson','2008-07-02',61),(274,'Garlic','The Inquirer','1994-09-10',417),(275,'Sweetners','The Mirror','2000-04-03',708),(276,'Beetroot','The Landmark','2010-05-04',629),(277,'Green Beans','The North Adams Transcript','2011-12-01',463),(278,'The Sugar War','The Phoenix','2004-09-24',449),(279,'Quinoa','The Pilot','1993-10-17',802),(280,'High-fat Foods','The Reminder','1994-09-02',171),(281,'Anti-Aging Foods','The Somerville News','1991-01-25',82),(282,'Kiwi','The Sun Chronicle','2000-09-22',593),(283,'Kale','The Tech','2003-12-23',323),(284,'Celery','The Valley Dispatch','1996-12-08',371),(285,'Cantaloupe','The Williams Record','2017-02-06',947),(286,'Honeydew','Tufts Daily','2005-12-09',695),(287,'Vitamin H','Valley Advocate','2013-07-02',340),(288,'Niacin','Vanguard','2014-08-21',53),(289,'Vitamin E','Vineyard Gazette','2014-04-19',751),(290,'Vitamin K','Wanderer','2015-11-20',592),(291,'Phosphorus','Weekly Dog','2015-07-01',186),(292,'Magnesium','Westford Eagle','1998-06-30',957),(293,'Copper','Wicked Local','1991-11-09',331),(294,'Chromium','Winthrop Transcript','1994-02-22',680),(295,'Fluroide','Worcester Business Journal','2016-04-27',827),(296,'Iodine','Yesterday\'s Island','1993-06-27',457),(297,'Manganese','Bristol Observer','2015-09-17',46),(298,'Retinol','Bristol Press','2012-08-29',653),(299,'Peppers','Chronicle','2004-04-27',680),(300,'Sweet Potato','CT Central','1994-04-05',236),(301,'Blackberries','Daily Campus','2004-11-30',802),(302,'Mulberries','Day','2004-02-03',708),(303,'Pineapples','Dolphin','2007-03-17',414),(304,'Peaches','Fairfield Citizen','1993-03-14',155),(305,'Apricots','Fairfield Mirror','1992-12-29',136),(306,'Grapefruit','Foothills','2011-07-04',946),(307,'Gooseberry','Foothills Trader','2014-11-10',850),(308,'Jackfruit','Greenwich Post','1998-12-02',815),(309,'Cabbage','Greenwich Times','2017-01-22',357),(310,'Artichoke','Hartford Informer','2006-10-27',622),(311,'Radish','Hersam Acorn','2017-02-24',283),(312,'Zucchini','Hour','1991-11-11',872),(313,'Peas','Journal Inquirer','2007-12-20',831),(314,'Asparagus','Middletown Press','2002-08-29',411),(315,'Squash','Minuteman News Center','2015-06-29',491),(316,'Lettuce','Record','2015-11-29',637),(317,'Turnip','New Britain Herald','2005-10-26',359),(318,'Mint','New Haven Independent','2015-10-14',552),(319,'Track Meal Nutrition','New Haven Register','2005-07-12',819),(320,'Turmeric','News Times','1990-12-27',682),(321,'Edamame','Newtown Bee','1995-02-23',278),(322,'Protein Powder','Norwalk Citizen','2013-05-16',913),(323,'Cinnamon','People\'s Press','1996-11-09',198),(324,'Nutrition and TB','Redding Pilot','2014-10-14',631),(325,'Microwaving and Nutrition','Register Citizen','2000-01-07',431),(326,'Cereal','Reminder','2008-06-14',584),(327,'Workout Nutrition','Resident','2007-11-15',653),(328,'30 Simple Health Tips','Shelton Herald','2007-05-12',156),(329,'Prescriptions for Veggies','Ridgefield Press','2009-10-06',699),(330,'Nutritional Deficiencies','Spectrum','2005-10-21',77),(331,'Oatmeal','Stamford Advocate','2011-05-21',851),(332,'Arugula','Stamford Plus','1999-10-20',647),(333,'Undernutrition','Tribuna Connecticut','2008-01-21',572),(334,'Parsley','Trinity Tripod','1994-08-23',956),(335,'Junk Food Diet','Uconn Today','2002-01-12',785),(336,'Mindful Eating','Voices','2006-04-28',981),(337,'Yogurt','Waterbury Observer','2009-04-15',738),(338,'Ice Cream','West Hartford News','2004-05-05',530),(339,'Cheeses','West Haven Voice','1993-07-18',364),(340,'Food and Students','Weston Forum','2003-07-05',913),(341,'College Nutrition','Westport News','2013-06-20',906),(342,'Nutrition for High School Students','Westport Now','1996-03-04',259),(343,'Good Nutrition','Yale Daily News','2003-03-22',330),(344,'Food Preservatives','Yale Herald','2002-01-16',126),(345,'Bad Nutrition','Your CT','2012-06-02',380),(346,'SuperKids','Business Daily','2006-09-11',363),(347,'Nutrition and Sleep','Coastal Point','2008-10-06',128),(348,'Eating Psychology','Delaware Online','2004-07-01',785),(349,'Mind and Body Nutrition','Delaware Today ','2010-12-28',292),(350,'Teaching Kitchen','Dialog','1996-02-15',227),(351,'Nutritional Supplements','Dover Post','2006-08-31',75),(352,'Nutrition and Body Weight','MiddletownTranscript','1993-06-21',892),(353,'Herbal Supplements','NYT Delaware','1998-12-25',594),(354,'Role of Diets in Society','Sussex Countian','2012-06-26',645),(355,'MSG','Wdov','1998-10-19',751),(356,'Sensory Science','Alligator','1995-07-17',913),(357,'Breeding Nutrition Out of Our Food','Central Florida Future','1998-10-12',281),(358,'Health','Centro','2012-12-25',399),(359,'Beet Benefits','Chipley Paper','1998-03-21',644),(360,'Athlete Diets','Click Orlando','2006-08-13',973),(361,'Appetite','Creative Loafing','2005-02-26',673),(362,'Control Calories When Eating Out','Daily Commercial','2000-04-21',455),(363,'Soy','Daily Record','2012-10-28',115),(364,'The Perfect Diet Food','Florida Today','2010-12-26',633),(365,'Whole Grains','Florida Trend','2014-12-26',271),(366,'Dairy','Florida Weekly','2005-09-07',587),(367,'What to Eat','Fort Myers Observer','1991-09-13',683),(368,'Benefits of Tea','FS View','2014-05-14',951),(369,'Facts About Coffee','Gainesville Sun','2004-09-19',454),(370,'Low-Carb Eating','Gulfshore ife','2005-10-08',630),(371,'Can Diet Prevent Alzheimers?','Herald Tribune','2008-12-16',637),(372,'Link Between Diet and Breast Cancer','Heritage','2000-10-11',716),(373,'Diet and Diabetes','Highlands Today','1990-08-11',196),(374,'Diet for Better Energy','Hurricane','2016-09-22',338),(375,'Nutrition Guidelines','Island Reporter','2009-08-26',575),(376,'Fruits and Veggies','Island Sand Paper','2011-06-05',641),(377,'Healthy Recipies','Island Sun','2013-05-12',828),(378,'Measuring Body Fat','Islander','2006-01-22',630),(379,'Filling Up on Fiber','Jackson County Times','1996-03-13',585),(380,'Food Pyramid','Jacksonville News','1999-09-11',704),(381,'Hidden Fats',' Keys Net','1996-01-18',29),(382,'Good Fats, Bad fats','Lake City Journal','1999-05-22',327),(383,'Say not to Soda','Lake City Reporter','2004-05-18',878),(384,'Sources of Potassium','Marco Island Sun','2008-09-29',891),(385,'Vegetarian Pregnancy','Miami Herald','1999-11-26',607),(386,'Birth Defects and the Maternal Diet','Miami New Times','2002-02-20',957),(387,'Foods that Reduce Bone Density','Miami Sun Post','2003-12-30',19),(388,'Prevent Osteoporosis','Miami Today','1997-10-01',792),(389,'Fiber','Naples Daily News','1997-05-27',448),(390,'Heart Health','New Times','2004-08-17',352),(391,'Carbs','News 13','1999-01-05',390),(392,'Diet and Eye Disease','News Chief','1998-02-25',627),(393,'Heart Healthy','News Herald','1996-08-18',460),(394,'The Skinny on Fat','News Press','1991-02-05',866),(395,'Good Carbs, Bad Carbs','News Sun','1995-08-20',914),(396,'Hypertension and Diet','North Florida News','1998-02-12',762),(397,'Protein','Northwest Florida Daily','1995-11-06',949),(398,'Organic Produce','Ocean Drive','1995-02-16',404),(399,'Food Safety','Orlando Times','2010-08-29',68),(400,'Glycemic Load','Orlando Weekly','2003-11-04',9),(401,'Food Additives','Palm Beach Daily','1999-09-02',26),(402,'Mad Cow Disease','Palm Beach Times','2003-09-04',237),(403,'Weight Loss','Pensacola Voice','1997-07-07',134),(404,'Dangers of Obesity','Pine Hills News','2008-02-08',838),(405,'Fad Diets','Pine Island Eagle','1994-06-27',787),(406,'Vitamin B12','Sandspur','1996-03-08',59),(407,'Vitamin D','Star','2002-11-19',462),(408,'Calcium Supplements','Sun Sentinel','2006-02-07',308),(409,'Fasting','Tampa Bay Online ','2014-05-16',947),(410,'Fast Food Chains','Tampa Bay Sun','2004-02-11',826),(411,'Gluten','TC Palm','2004-08-31',29),(412,'Broccoli','Town Crier','2010-01-30',835),(413,'Home Gardens','Voyager','1994-07-04',307),(414,'Honey','Walton Sun','2001-03-21',53),(415,'Dietary Supplements','Watermark','1998-10-21',283),(416,'Nutrition Labels','Weekly Challenger','2006-06-02',317),(417,'Sugar','West Orange Times','2000-09-14',252),(418,'Soda','Westside Gazette','2013-02-15',734),(419,'Fizzy Drinks','Williston Pioneer','2014-03-22',746),(420,'Food Portions','Winter Park Observer','1998-09-07',734),(421,'Sugary Drinks','Your Observer','2004-06-30',316),(422,'Turkey Making You Tired?','Civil Beat','2009-10-24',381),(423,'Plant-Based Food','Government Times','2010-04-24',137),(424,'Fish','Honolulu Weekly','1998-12-21',566),(425,'Chocolate','Maui News','2004-10-23',298),(426,'American Diet','Midweek','2002-05-16',929),(427,'Trendy Foods','Big Island Weekly','2008-08-16',710),(428,'Paelo Diet','The Garden Island','2007-11-01',16),(429,'Olive Oil for Cooking','Tribune Herald','2013-05-17',388),(430,'Sunflower Oil OK for Heart','West Hawaii Today','2004-10-18',447),(431,'Less Salt','All Maine Matters','2000-08-27',543),(432,'Healthy Food, Healthy Life','Bar Harbor Times','2003-01-21',590),(433,'Overeating','Bethel Citizen','2016-07-02',130),(434,'Toxic Sugar','Cape Courier','1991-04-23',704),(435,'Eating More in the Winter','Capital Weekly','2010-10-17',306),(436,'Red Wine','Castine Patriot','2010-08-28',465),(437,'Carrot','Colby Echo','2014-10-09',338),(438,'Smaller Plates?','Down East','1997-03-24',401),(439,'Finger Foods','Farmington Sentinel','1994-12-03',330),(440,'Diet and Fitness Secrets','Fence Viewer','1998-06-09',249),(441,'Mediterranian Diet','Free Press','1993-04-25',292),(442,'Melatonin','Herald Gazette','1994-05-15',478),(443,'Too Much Protein?','Island Ad Vantages','1994-11-20',948),(444,'49 Worst Foods','Island Times','2013-04-28',437),(445,'Too Much Juice?','Current ','1990-10-05',700),(446,'National Nutrition Month','Journal Tribune','2005-05-24',895),(447,'Oreos','Waterboro Reporter','1996-07-06',736),(448,'Added Sugar','Sun Chronicle','1997-12-22',871),(449,'Selenium Supplements','Lincoln News','2000-05-15',721),(450,'Gaps in Fast-Food Nutrition Information','Nainebiz','2007-10-09',919),(451,'Get Kids to Eat Their Veggies','Mainely Media','2011-08-28',902),(452,'Lack of Vitamin D','Maine Campus','2001-10-22',499),(453,'Food and Fitness','Maine Insights','2015-01-01',550),(454,'Diet Supplements','Lincoln County News','2004-11-07',482),(455,'Drunk Diet','Maine Today','2014-07-15',891),(456,'Eating Your Feelings','Monument','2010-02-27',572),(457,'Low-Carb, Low-Fat','NYT Maine','2012-08-22',285),(458,'High Fructose Corn Syrup','Morning Sentinel','2000-12-28',180),(459,'Food Aromas','Press Herald','1995-12-10',692),(460,'Stay Slim With Chocolate','Rolling Thunder Express','2009-02-02',208),(461,'Unroasted Coffee Beans','Rumford Falls Times','2004-05-19',608),(462,'Diet Soda','Sanford News','1996-02-01',63),(463,'Crash Diet','Seacoast Online','2012-03-22',780),(464,'Diets for Kids','Star Herald','1991-02-28',610),(465,'Breakfast','Sun Journal ','2010-07-21',376),(466,'Cut Calories','The Daily Me','2010-01-25',862),(467,'Unhealthy Drinks','The Forecaster','2000-11-10',714),(468,'Salmonella','The Free Press','1993-12-21',536),(469,'Sports Drinks','The Independent','2009-02-24',849),(470,'Junk Food','The Main Edge','1999-04-05',303),(471,'Mangoes','The Original Irregular','2016-09-06',896),(472,'Soda Ban','The Maine Switch','1993-11-26',449),(473,'Apples','The Notes','1992-08-04',365),(474,'Fluoride in Water','The Porthole','2005-07-10',804),(475,'Bagged Lettuce','The Times Record','2000-10-29',612),(476,'Dried Fruit','The Town Line','1997-02-10',788),(477,'Tuna','The Weekly Packet','2015-08-29',290),(478,'Cafeteria Food','The Weekly Sentinel','2003-03-12',394),(479,'Microwave Popcorn','The West End News','2009-09-03',563),(480,'TOPS Diet','The York Independent','2014-11-22',358),(481,'Soda Machines','Three Rivers News','1992-02-03',716),(482,'Dark Chocolate','Twin City Times','2001-08-20',170),(483,'Calcium and Vitamin D','Arbiter','2010-11-19',770),(484,'Antioxidants','Argonaut','1990-11-23',941),(485,'School Lunches','Boise Weekly','1999-10-31',531),(486,'Iron Pills','Idaho County Free Press','2002-05-13',475),(487,'Food Poisoning','Idaho State Journal','2000-09-16',463),(488,'Peanut Butter','Island Park News','2006-04-01',867),(489,'Chewing Gum','Lewiston Tribune','2010-05-07',330),(490,'Mealtime Distractions','McCall Star News','2000-07-20',835),(491,'Spirulina','Morning News','2016-06-26',627),(492,'Coffee for Your Liver','Mountain Express','2011-05-21',732),(493,'Gluten Labeling','New West ','2010-03-18',839),(494,'Diet-Busting Foods','News Examiner','2012-10-18',556),(495,'Celiac Disease','Miner Online','2002-01-16',114),(496,'Boost Mood and Metabolism','Power County Press','1990-10-11',708),(497,'Good Mood Foods','Preston Citizen','1999-06-20',671),(498,'Stress-Proof Diet','Rexburg Standard Journal','2015-08-15',99),(499,'Medication and Weight Gain','River Journal','1996-03-07',898),(500,'Stress and Obesity','New York Times','2005-02-28',994),(501,'Stop Eating Your Anger','The Observer','2010-06-19',77),(502,'Food Addictions','The Guardian','2005-07-26',295),(503,'Worst Foods For Stress','The Herald','2006-03-02',122),(504,'Vegan Diet to Help Fight Cancer','New York Daily News','2006-05-06',793),(505,'Smart Snacks','The Independent','2013-07-06',340),(506,'Fast-Food Guide','Daily Mirror','1999-07-22',603),(507,'Dining Out Myths','The Daily Telegraph','2010-01-09',539),(508,'Grocery Shopping','Chicago Tribune','2006-03-25',317),(509,'Satisfy Your Sweet Tooth','The Intelligencer','2015-02-25',307),(510,'Midnight Snacks','The Wall Street Journal','2006-02-01',588),(511,'Secret to Healthy Cooking','The Washington Post','2008-12-04',393),(512,'Curb Cravings','Alternative newspaper','2001-05-07',687),(513,'Turn a Bad Habit into a Good Idea','The Courier','2005-08-12',224),(514,'Pass the Protein','Los Angeles Times','1999-12-18',29),(515,'Feel Full Faster','The Times','1997-01-04',404),(516,'Food Labels','Daily Express','2010-01-29',650),(517,'Summer Grilling','Evening Chronicle','2004-06-07',873),(518,'Raw Milk','Financial Times','2001-11-23',250),(519,'Water','Edinburgh Evening News','1997-07-28',213),(520,'Eat Eggs','USA Today','2009-08-01',100),(521,'Worst Fast Food','The Times of India','1997-06-07',742),(522,'Hospital Food High in Salt','The Hindu','2002-03-22',3),(523,'Boost Memory','Chicago Sun-Times','1992-06-01',928),(524,'Cooking Veggies','Tampa Bay Times','2015-05-04',617),(525,'Superfoods','The Boston Globe','2009-10-04',401),(526,'Cooking with Tofu','Daily Mail','1990-06-27',939),(527,'Cooking Fish','The Plain Dealer','2013-04-12',250),(528,'Weight Loss Medications','Hartford Courant','2013-03-11',277),(529,'Folic Acid','Commercial Advertiser','2009-05-07',132),(530,'Multivitamin','The Independent Journal','1993-09-26',812),(531,'Apple Cider Vinegar','Daily Star','1990-08-01',97),(532,'Acai Berry','The Tribune','1997-07-23',106),(533,'Fish Oil','Pittsburgh Post-Gazette','1994-03-25',88),(534,'Flaxseed','Newsday','1992-05-24',49),(535,'Vitamin B6','The Sun','1998-04-01',235),(536,'Vitamin C','The Mercury News','2011-09-16',501),(537,'Portion Size','The Barnstable Patriot','2017-03-03',701),(538,'Burn Fat','Daily Record','2009-02-19',948),(539,'Metabolism Makeover','The Philadelphia Inquirer','2004-12-26',744),(540,'Exercise Saves Lean Body Mass','The Morning Chronicle','2002-02-22',438),(541,'Too Much Fruit?','Evening Times','2013-01-07',711),(542,'Improving Your Health','The Daily Planet','2000-12-13',245),(543,'5 Nutrition Secrets','Amsterdam News','2001-01-08',622),(544,'Nutrition Education','Buffalo News','1990-08-30',405),(545,'Sports Nutrition','Chelsea Now','2013-01-21',379),(546,'Nutrition App','Daily Gazette','2014-01-11',74),(547,'Saturated Fats','Downtown Express','1999-12-02',269),(548,'Non-Saturated Fats','East Hampton Star','1996-01-30',177),(549,'Academy of Nutrition','Cornell Daily Sun','2016-09-23',283),(550,'French Fries ','Columbia Journalism','2007-07-16',286),(551,'Nutrition Challenges','Garden City News','1991-02-28',698),(552,'Food and Nutrition','Huffington Post','2013-02-07',473),(553,'Vitamin A','Hudson Valley Press','1996-12-09',227),(554,'Zinc','Gotham Gazette','2009-03-19',631),(555,'Infant Health','Greenpoint Gazette','2014-10-13',633),(556,'BMI','Irish America','1998-02-23',324),(557,'Smoothies','Journal','2005-07-08',920),(558,'Post-Workout Nutrition','Journal Register','1994-08-21',830),(559,'Frozen Veggies','Leader','1998-02-23',133),(560,'Nutrition and Genetics','Legislative Gazette','1997-04-25',566),(561,'Gluten-Free Foods','Long Island Advance','2013-01-11',286),(562,'Vegan Diets','Long Island Press','1995-09-07',524),(563,'Can Wine Protect Your Neurons','Long Island Business','1996-11-05',530),(564,'Nutrition Data','Metroland','2013-05-04',868),(565,'Vegetarian Diets','Mid Husdon News','1995-11-02',298),(566,'Nutrition Trends','New York','2016-12-03',408),(567,'Benefits of Grain','New York Beacon','2007-07-18',502),(568,'Butter vs Olive Oil','New York Carib News','1999-07-05',409),(569,'Food Engineering','NBC News','1993-07-22',346),(570,'Legumes','MPN Now','2014-01-23',681),(571,'Type 2 Diabetes and Food','Norwood News','1992-02-29',575),(572,'Infant Nutrition','Observer ','2016-12-08',845),(573,'Broccoli Prevents Cancer','Observer Review','1992-06-14',973),(574,'Hydroponic Vegetable Nutrition','Our Time Press','2014-12-06',55),(575,'Whole Wheat','Pace Press','2011-10-25',560),(576,'Soy Milk','Palladium Press','1992-06-16',559),(577,'Cashew Milk','Papermag','2016-01-02',266),(578,'Almond Milk','Pelham Weekly','2006-05-04',738),(579,'Coconut Milk','Philipstown','2005-02-21',955),(580,'Genes and Diet','Post Journal','1994-09-22',329),(581,'Vegan Kids','Post Star','2009-08-02',954),(582,'Nutrition Mission','Putnam County News','1996-03-01',729),(583,'Infant Formula','Queens Courier','2013-02-10',665),(584,'Pig Nutrition','Queens Gazette','2011-02-10',896),(585,'Getting Kids to Eat Veggies','Queens Tribune','1997-12-14',896),(586,'Supersize meals','Recorder','2009-06-13',527),(587,'Meatless Burgers','Register Star','2005-05-04',332),(588,'Pumpkin Seeds','Resident','2005-01-24',694),(589,'Frozen Fruits','Riverdale Press','1998-06-16',542),(590,'Fix Your Nutrition with A DNA Test','Rochester City Newspaper','1995-02-22',776),(591,'How Flavor Drives Nutrition','Rockland County Times','2015-09-29',559),(592,'Hot Chili Peppers','Sag Harbor Express','2005-06-03',7),(593,'Lentils','Skidmore News','1996-03-15',758),(594,'Next Hot Food Trends','Star Gazette','2010-06-15',88),(595,'Big Sugar','Staten Island Advance','1994-11-11',527),(596,'Lactose Intolerance','Suffolk County News','2001-08-08',608),(597,'Saturated Fat and Heart Health','The Beacon','2016-12-04',5),(598,'Limes','The Epoch Times','2013-08-25',41),(599,'Chickpeas','The Examiner','1996-01-30',502),(600,'Coconut Oil','The Ithaca Journal','2006-11-12',840),(601,'Feeding Type','The National Herald','1990-07-06',776),(602,'School Lunch Nutrition','The Villager','2001-06-28',166),(603,'Vegan Athletes','Times Ledger','2013-05-07',531),(604,'Calorie Intake','Times Newsweekly','2002-09-16',302),(605,'Nutrition Statistics','Times Union','2013-05-26',565),(606,'Food and Exercise','Torch','2011-12-10',41),(607,'Lemons','Tribeca Trib','2012-10-04',100),(608,'Nutrition Month','Tricorner News','1990-10-30',878),(609,'Avocados','Troy Record','1991-06-23',855),(610,'Post-Exercise Nutrition','Ulster Publishing','1992-08-08',635),(611,'Nuts','UN News Center','1991-07-19',208),(612,'Mushrooms','Valley News','2016-07-19',587),(613,'Pumpkin','Village Voice','2006-05-15',404),(614,'Raspberries','Washington Square News','1992-11-29',988),(615,'Blueberries','Watertown Daily News','2009-01-23',437),(616,'Cucumbers','Wellsville Daily Reporter','2001-02-27',784),(617,'Omega-3','Westfield Reporter','1994-05-15',235),(618,'Eggplant','Wired','2013-11-02',951),(619,'Watermelon','Asbury Park Press','2002-02-01',179),(620,'Tomatoes','Atlantic Herald','1994-09-19',959),(621,'Potatoes','Becon','1993-02-20',445),(622,'Papaya','Atlantic City Weekly','1999-07-18',490),(623,'Pomegranate','Bergen News','1995-07-18',346),(624,'Corn','Brick Times','1991-06-21',206),(625,'Gelatin','Campus Press','2010-12-10',182),(626,'Watercress','Pennington Post','1992-08-30',815),(627,'Spinach','Chatham Courier','2005-03-26',685),(628,'Cauliflower','Cherry Hill Sun','1991-09-16',504),(629,'Brussel Sprouts','Clifton Journal','1997-11-10',217),(630,'Strawberries','Courier Post','1993-07-31',572),(631,'Grapes','Cranbury Press','1992-09-08',301),(632,'Pears','Daily Targum','2005-10-24',124),(633,'Bananas','Citizen','1994-07-16',819),(634,'Onions','Monitor','1997-12-01',717),(635,'Garlic','Acorn','2014-12-31',145),(636,'Sweetners','Echoes Sentinel','2014-01-09',941),(637,'Beetroot','Edgewater View','2003-08-13',463),(638,'Green Beans','Ewing Observer','2005-08-09',129),(639,'The Sugar War','Flanders NJ News','2016-11-01',406),(640,'Quinoa','Florham Park Eagle','2002-06-10',83),(641,'High-fat Foods','Fort Lee Suburbanite','2015-10-18',666),(642,'Anti-Aging Foods','Glen Ridge Voice','2016-02-14',257),(643,'Kiwi','Government News','2014-03-09',325),(644,'Kale','Greater Media Newspapers','1991-05-19',367),(645,'Celery','Westfield Leader','1998-01-27',10),(646,'Cantaloupe','Hackensack Chronicle','2008-01-17',896),(647,'Honeydew','Hamilton Post','2003-03-24',498),(648,'Vitamin H','Hanover Eagle','2006-04-20',540),(649,'Niacin','Hoboken Reporter','2000-10-28',437),(650,'Vitamin E','Howell Times','2012-02-23',357),(651,'Vitamin K','Current Weekly','2014-12-20',63),(652,'Phosphorus','Hudson Reporter','2017-06-10',407),(653,'Magnesium','Jersey City Reporter','1993-11-13',965),(654,'Copper','News Leader','2008-02-29',234),(655,'Chromium','Madison Eagle','1994-07-22',490),(656,'Fluroide','Medford Sun','2002-03-08',77),(657,'Iodine','Manville News','1997-12-01',355),(658,'Manganese','Messenger Press','1991-11-08',920),(659,'Retinol','Montclair Times','2002-05-22',372),(660,'Peppers','Morris News Bee','1995-09-09',604),(661,'Sweet Potato','Mount Olive Chronicle','1994-01-24',399),(662,'Blackberries','Burlington County Times','1996-05-23',310),(663,'Mulberries','Home News Tribune','1990-12-28',706),(664,'Pineapples','Herald News','2010-08-31',447),(665,'Peaches','NJ Globe','2004-05-13',14),(666,'Apricots','NJ Life','1997-11-30',956),(667,'Grapefruit','NJ Newsroom','2016-08-12',472),(668,'Gooseberry','NJ','1998-05-24',985),(669,'Jackfruit','NJ Biz','1997-09-16',135),(670,'Cabbage','NJ Herald','1999-07-21',75),(671,'Artichoke','Vector','1991-06-29',905),(672,'Radish','NJ Today','1993-02-11',216),(673,'Zucchini','North Bergen Reporter','2016-02-18',404),(674,'Peas','North Jersey','1995-06-02',407),(675,'Asparagus','Nutley Sun','2016-05-11',299),(676,'Squash','Ocean City Gazette','1999-05-12',692),(677,'Lettuce','Sand Paper','2000-09-25',596),(678,'Turnip','Ocean County Journal','2005-06-16',555),(679,'Mint','Observer Reporter','2008-11-03',931),(680,'Track Meal Nutrition','Our Town','1997-10-22',371),(681,'Turmeric','Paramus Post','1991-11-26',583),(682,'Edamame','Parsippany Life','1996-11-10',464),(683,'Protein Powder','Pioneer Times','1991-08-01',194),(684,'Cinnamon','Press of Atlantic City','2002-04-23',819),(685,'Nutrition and TB','US 1','2011-07-03',775),(686,'Microwaving and Nutrition','Princeton Packet','2001-09-19',55),(687,'Cereal','Princeton Spectator','1998-12-16',740),(688,'Workout Nutrition','Randolph Reporter','1995-03-05',924),(689,'30 Simple Health Tips','Register News','1994-04-01',751),(690,'Prescriptions for Veggies','Cumberland County Reminder','2016-08-11',201),(691,'Nutritional Deficiencies','River View Observer','2004-06-08',407),(692,'Oatmeal','Roxbury Register','1998-01-17',930),(693,'Arugula','Setonian','2003-06-06',768),(694,'Undernutrition','Shore News Today','1994-12-30',838),(695,'Parsley','South Brunswick Post','2003-07-17',920),(696,'Junk Food Diet','South Jersey Local News','2009-09-05',844),(697,'Mindful Eating','South Plainfield Observer','2015-06-19',660),(698,'Yogurt','Cape May Star','2003-02-14',278),(699,'Ice Cream','Cape May Wave','1990-11-22',811),(700,'Cheeses','Coast Star','2004-11-10',641),(701,'Food and Students','Ocean Star','2016-01-03',1),(702,'College Nutrition','Straus News','1994-04-27',484),(703,'Nutrition for High School Students','Signal','2000-06-09',700),(704,'Good Nutrition','Teaneck Suburban','2012-02-18',357),(705,'Food Preservatives','The Aquarian','2005-08-23',82),(706,'Bad Nutrition','The Beachcomber','2014-05-10',391),(707,'SuperKids','The Belleville Times','1996-08-01',332),(708,'Nutrition and Sleep','The Buckingham Post','1997-12-04',745),(709,'Eating Psychology','Cape May Gazette','1998-01-20',412),(710,'Mind and Body Nutrition','The Coaster','2007-08-11',428),(711,'Teaching Kitchen','The Daily Journal','1998-01-05',907),(712,'Nutritional Supplements','The Jackson Times','2012-05-15',543),(713,'Nutrition and Body Weight','Manchester Times','1995-02-23',634),(714,'Herbal Supplements','Monmouth Journal','2000-08-25',874),(715,'Role of Diets in Society','Montclarion','1993-08-17',297),(716,'MSG','The Neighbor News','2003-07-16',190),(717,'Sensory Science','The Observer','2008-09-19',904),(718,'Breeding Nutrition Out of Our Food','The Progress','1993-02-02',452),(719,'Health','The Retrospect','2012-10-25',115),(720,'Beet Benefits','The Rider News','2016-02-12',663),(721,'Athlete Diets','The Stute','1995-01-12',469),(722,'Appetite','The Toms River Times','2001-09-03',95),(723,'Control Calories When Eating Out','The Two Rivers Times','2003-02-04',891),(724,'Soy','The Whit','2009-01-22',257),(725,'The Perfect Diet Food','The Wildwood Ledger ','1992-06-09',778),(726,'Whole Grains','Scotch Plains Fanwood Times','1997-08-19',315),(727,'Dairy','Trentonian','2017-02-28',957),(728,'What to Eat','Tri City News','2005-09-29',208),(729,'Benefits of Tea','Upper Township Gazette','1999-11-23',708),(730,'Facts About Coffee','West Windsor','1996-12-09',258),(731,'Low-Carb Eating','Plainsboro','2015-03-24',354),(732,'Can Diet Prevent Alzheimers?','Back Bay Sun','2009-07-23',649),(733,'Link Between Diet and Breast Cancer','Banner','2015-06-18',119),(734,'Diet and Diabetes','Bay State Banner','2000-03-01',995),(735,'Diet for Better Energy','Bay Windows','1998-10-17',173),(736,'Nutrition Guidelines','Beacon Hills Times','1992-09-06',359),(737,'Fruits and Veggies','Boston Globe','2001-02-06',423),(738,'Healthy Recipies','Boston Herald','1999-06-02',570),(739,'Measuring Body Fat','Cape Cod Times','2016-05-31',636),(740,'Filling Up on Fiber','Comment','1999-02-20',462),(741,'Food Pyramid','Community Advocate','1991-07-14',904),(742,'Hidden Fats','Daily Free Press','2012-09-20',576),(743,'Good Fats, Bad fats','Daily Item','2005-11-11',786),(744,'Say not to Soda','Dorchester Reporter','2001-09-07',66),(745,'Sources of Potassium','Eagle Tribune','2000-11-23',169),(746,'Vegetarian Pregnancy','East Bay','1990-08-02',255),(747,'Birth Defects and the Maternal Diet','East Boston','2007-06-05',874),(748,'Foods that Reduce Bone Density','Enterprise News','2015-02-21',380),(749,'Prevent Osteoporosis','Foxboro Reporter','1999-01-28',401),(750,'Fiber','Harvard Press','1995-05-05',577),(751,'Heart Health','Heights','1998-10-31',346),(752,'Carbs','Home News Here','1998-12-18',47),(753,'Diet and Eye Disease','Hometown Weekly','1994-07-23',511),(754,'Heart Healthy','Improper Bostonian','2005-03-02',546),(755,'The Skinny on Fat','Lowell Sun','2011-05-05',599),(756,'Good Carbs, Bad Carbs','Lynn Journal','1998-03-20',546),(757,'Hypertension and Diet','Metro Daily West News','2012-04-24',1000),(758,'Protein','Milford Daily News','1996-11-27',272),(759,'Organic Produce','Mission Hill Gazette','2012-11-22',92),(760,'Food Safety','New England Business','2008-08-02',795),(761,'Glycemic Load','Patriot Ledger','2000-12-21',156),(762,'Food Additives','Post Gazette','1996-08-07',693),(763,'Mad Cow Disease','Recorder','1994-03-24',5),(764,'Weight Loss','Revere Journal','2014-10-15',589),(765,'Dangers of Obesity','Salem News','2011-08-01',118),(766,'Fad Diets','South Boston Online','2001-07-10',87),(767,'Vitamin B12','South End News','2016-08-12',356),(768,'Vitamin D','South Coast Today','1997-03-09',734),(769,'Calcium Supplements','The Advocate','1991-12-15',213),(770,'Fasting','The Crusader','2001-01-15',60),(771,'Fast Food Chains','The Gatepost','1996-07-03',36),(772,'Gluten','The Harvard Crimson','2003-08-27',353),(773,'Broccoli','The Inquirer','1990-11-24',563),(774,'Home Gardens','The Mirror','1996-11-01',557),(775,'Honey','The Landmark','1991-12-11',65),(776,'Dietary Supplements','The North Adams Transcript','1991-03-04',675),(777,'Nutrition Labels','The Phoenix','2013-10-26',802),(778,'Sugar','The Pilot','1996-06-12',284),(779,'Soda','The Reminder','2009-10-19',798),(780,'Fizzy Drinks','The Somerville News','1992-12-07',109),(781,'Food Portions','The Sun Chronicle','1992-11-14',750),(782,'Sugary Drinks','The Tech','1992-10-26',197),(783,'Turkey Making You Tired?','The Valley Dispatch','2000-10-29',634),(784,'Plant-Based Food','The Williams Record','1997-05-18',254),(785,'Fish','Tufts Daily','1991-11-12',28),(786,'Chocolate','Valley Advocate','1997-10-12',863),(787,'American Diet','Vanguard','2007-03-31',577),(788,'Trendy Foods','Vineyard Gazette','2016-10-21',162),(789,'Paelo Diet','Wanderer','2001-12-21',580),(790,'Olive Oil for Cooking','Weekly Dog','2015-04-11',880),(791,'Sunflower Oil OK for Heart','Westford Eagle','2012-07-09',680),(792,'Less Salt','Wicked Local','2015-11-14',327),(793,'Healthy Food, Healthy Life','Winthrop Transcript','2013-06-20',974),(794,'Overeating','Worcester Business Journal','2005-04-29',374),(795,'Toxic Sugar','Yesterday\'s Island','2002-02-25',1000),(796,'Eating More in the Winter','Bristol Observer','1995-08-12',756),(797,'Red Wine','Bristol Press','2005-01-13',283),(798,'Carrot','Chronicle','2004-09-30',416),(799,'Smaller Plates?','CT Central','2016-03-20',23),(800,'Finger Foods','Daily Campus','1998-11-03',806),(801,'Diet and Fitness Secrets','Day','1991-04-08',419),(802,'Mediterranian Diet','Dolphin','2010-10-16',246),(803,'Melatonin','Fairfield Citizen','2007-05-11',262),(804,'Too Much Protein?','Fairfield Mirror','2003-10-05',85),(805,'49 Worst Foods','Foothills','1996-01-26',382),(806,'Too Much Juice?','Foothills Trader','2013-09-27',688),(807,'National Nutrition Month','Greenwich Post','2008-09-25',569),(808,'Oreos','Greenwich Times','2009-03-28',177),(809,'Added Sugar','Hartford Informer','1999-11-29',695),(810,'Selenium Supplements','Hersam Acorn','2008-07-31',912),(811,'Gaps in Fast-Food Nutrition Information','Hour','2002-07-26',652),(812,'Get Kids to Eat Their Veggies','Journal Inquirer','2005-07-05',416),(813,'Lack of Vitamin D','Middletown Press','2000-12-17',146),(814,'Food and Fitness','Minuteman News Center','1999-03-29',312),(815,'Diet Supplements','Record','2016-04-28',358),(816,'Drunk Diet','New Britain Herald','1994-09-24',624),(817,'Eating Your Feelings','New Haven Independent','2001-06-05',695),(818,'Low-Carb, Low-Fat','New Haven Register','2002-04-28',247),(819,'High Fructose Corn Syrup','News Times','2005-10-03',935),(820,'Food Aromas','Newtown Bee','2010-07-12',545),(821,'Stay Slim With Chocolate','Norwalk Citizen','2008-04-22',128),(822,'Unroasted Coffee Beans','People\'s Press','2015-08-20',631),(823,'Diet Soda','Redding Pilot','1996-03-18',559),(824,'Crash Diet','Register Citizen','1992-12-11',820),(825,'Diets for Kids','Reminder','2015-05-10',46),(826,'Breakfast','Resident','2016-02-07',662),(827,'Cut Calories','Shelton Herald','1999-02-24',334),(828,'Unhealthy Drinks','Ridgefield Press','2008-06-18',660),(829,'Salmonella','Spectrum','2001-06-12',941),(830,'Sports Drinks','Stamford Advocate','2011-09-17',684),(831,'Junk Food','Stamford Plus','2004-10-16',121),(832,'Mangoes','Tribuna Connecticut','1997-07-08',182),(833,'Soda Ban','Trinity Tripod','2012-10-30',747),(834,'Apples','Uconn Today','1994-06-28',926),(835,'Fluoride in Water','Voices','2003-03-31',951),(836,'Bagged Lettuce','Waterbury Observer','2013-06-04',975),(837,'Dried Fruit','West Hartford News','2003-12-05',192),(838,'Tuna','West Haven Voice','2010-09-18',35),(839,'Cafeteria Food','Weston Forum','1996-09-14',206),(840,'Microwave Popcorn','Westport News','1996-03-24',529),(841,'TOPS Diet','Westport Now','2017-05-09',231),(842,'Soda Machines','Yale Daily News','1995-02-19',835),(843,'Dark Chocolate','Yale Herald','1997-10-12',457),(844,'Calcium and Vitamin D','Your CT','2015-04-21',102),(845,'Antioxidants','Business Daily','1994-04-03',339),(846,'School Lunches','Coastal Point','2017-05-10',510),(847,'Iron Pills','Delaware Online','2012-08-30',923),(848,'Food Poisoning','Delaware Today ','1994-03-13',390),(849,'Peanut Butter','Dialog','2017-01-24',121),(850,'Chewing Gum','Dover Post','2011-12-02',485),(851,'Mealtime Distractions','MiddletownTranscript','1991-11-12',629),(852,'Spirulina','NYT Delaware','2009-10-23',550),(853,'Coffee for Your Liver','Sussex Countian','1993-12-03',90),(854,'Gluten Labeling','Wdov','2016-06-24',147),(855,'Diet-Busting Foods','Alligator','1994-01-19',921),(856,'Celiac Disease','Central Florida Future','2014-01-21',422),(857,'Boost Mood and Metabolism','Centro','2011-04-29',811),(858,'Good Mood Foods','Chipley Paper','2001-02-28',287),(859,'Stress-Proof Diet','Click Orlando','2014-08-04',343),(860,'Medication and Weight Gain','Creative Loafing','2005-07-28',309),(861,'Stress and Obesity','Daily Commercial','2009-03-22',729),(862,'Stop Eating Your Anger','Daily Record','2011-06-16',735),(863,'Food Addictions','Florida Today','2014-01-09',230),(864,'Worst Foods For Stress','Florida Trend','2002-10-10',423),(865,'Vegan Diet to Help Fight Cancer','Florida Weekly','1998-10-09',935),(866,'Smart Snacks','Fort Myers Observer','2005-05-04',671),(867,'Fast-Food Guide','FS View','2000-09-18',566),(868,'Dining Out Myths','Gainesville Sun','2006-03-05',542),(869,'Grocery Shopping','Gulfshore ife','2005-01-12',379),(870,'Satisfy Your Sweet Tooth','Herald Tribune','2015-04-01',382),(871,'Midnight Snacks','Heritage','1991-12-29',489),(872,'Secret to Healthy Cooking','Highlands Today','2007-09-14',343),(873,'Curb Cravings','Hurricane','2001-07-06',225),(874,'Turn a Bad Habit into a Good Idea','Island Reporter','2008-06-30',116),(875,'Pass the Protein','Island Sand Paper','1998-03-24',256),(876,'Feel Full Faster','Island Sun','2012-01-21',750),(877,'Food Labels','Islander','1993-03-26',772),(878,'Summer Grilling','Jackson County Times','2001-09-09',603),(879,'Raw Milk','Jacksonville News','2012-08-13',428),(880,'Water',' Keys Net','2013-01-30',219),(881,'Eat Eggs','Lake City Journal','1997-05-05',52),(882,'Worst Fast Food','Lake City Reporter','2017-01-30',707),(883,'Hospital Food High in Salt','Marco Island Sun','2008-11-30',897),(884,'Boost Memory','Miami Herald','2014-01-23',466),(885,'Cooking Veggies','Miami New Times','2017-01-01',382),(886,'Superfoods','Miami Sun Post','1995-04-06',695),(887,'Cooking with Tofu','Miami Today','2014-12-10',854),(888,'Cooking Fish','Naples Daily News','1997-04-16',182),(889,'Weight Loss Medications','New Times','2016-04-03',888),(890,'Folic Acid','News 13','2009-03-12',103),(891,'Multivitamin','News Chief','2016-11-18',249),(892,'Apple Cider Vinegar','News Herald','2007-03-30',557),(893,'Acai Berry','News Press','2012-12-01',515),(894,'Fish Oil','News Sun','2008-07-26',667),(895,'Flaxseed','North Florida News','1994-09-19',488),(896,'Vitamin B6','Northwest Florida Daily','1998-07-28',683),(897,'Vitamin C','Ocean Drive','2002-05-25',439),(898,'Portion Size','Orlando Times','2003-01-25',796),(899,'Burn Fat','Orlando Weekly','1996-10-26',88),(900,'Metabolism Makeover','Palm Beach Daily','2002-01-07',893),(901,'Exercise Saves Lean Body Mass','Palm Beach Times','2003-05-25',332),(902,'Too Much Fruit?','Pensacola Voice','1990-10-06',72),(903,'Improving Your Health','Pine Hills News','2017-05-10',515),(904,'5 Nutrition Secrets','Pine Island Eagle','2009-12-08',424),(905,'Nutrition Education','Sandspur','1996-07-10',19),(906,'Sports Nutrition','Star','2002-11-25',617),(907,'Nutrition App','Sun Sentinel','1999-10-22',223),(908,'Saturated Fats','Tampa Bay Online ','2015-07-30',20),(909,'Non-Saturated Fats','Tampa Bay Sun','2016-05-22',114),(910,'Academy of Nutrition','TC Palm','1998-02-26',238),(911,'French Fries ','Town Crier','2012-08-09',777),(912,'Nutrition Challenges','Voyager','2004-07-17',804),(913,'Food and Nutrition','Walton Sun','1994-06-29',767),(914,'Vitamin A','Watermark','1993-07-31',806),(915,'Zinc','Weekly Challenger','2001-12-22',66),(916,'Infant Health','West Orange Times','2016-06-19',746),(917,'BMI','Westside Gazette','1995-12-10',601),(918,'Smoothies','Williston Pioneer','2001-11-04',839),(919,'Post-Workout Nutrition','Winter Park Observer','1998-07-26',707),(920,'Frozen Veggies','Your Observer','2013-12-26',564),(921,'Nutrition and Genetics','Civil Beat','1994-05-19',579),(922,'Gluten-Free Foods','Government Times','1991-12-23',640),(923,'Vegan Diets','Honolulu Weekly','1996-10-25',331),(924,'Can Wine Protect Your Neurons','Maui News','1995-03-13',509),(925,'Nutrition Data','Midweek','1996-08-09',146),(926,'Vegetarian Diets','Big Island Weekly','1992-04-29',308),(927,'Nutrition Trends','The Garden Island','2015-08-28',75),(928,'Benefits of Grain','Tribune Herald','1998-04-07',160),(929,'Butter vs Olive Oil','West Hawaii Today','2007-11-04',759),(930,'Food Engineering','All Maine Matters','2014-11-16',776),(931,'Legumes','Bar Harbor Times','2012-02-27',947),(932,'Type 2 Diabetes and Food','Bethel Citizen','1992-11-28',319),(933,'Infant Nutrition','Cape Courier','1993-10-18',726),(934,'Broccoli Prevents Cancer','Capital Weekly','2009-06-13',735),(935,'Hydroponic Vegetable Nutrition','Castine Patriot','1994-12-09',834),(936,'Whole Wheat','Colby Echo','2006-12-26',878),(937,'Soy Milk','Down East','2001-02-08',226),(938,'Cashew Milk','Farmington Sentinel','1990-12-18',505),(939,'Almond Milk','Fence Viewer','2002-10-18',501),(940,'Coconut Milk','Free Press','2014-07-04',712),(941,'Genes and Diet','Herald Gazette','2006-02-03',833),(942,'Vegan Kids','Island Ad Vantages','2017-05-23',354),(943,'Nutrition Mission','Island Times','2013-12-22',819),(944,'Infant Formula','Current ','1994-07-22',65),(945,'Pig Nutrition','Journal Tribune','2005-11-28',342),(946,'Getting Kids to Eat Veggies','Waterboro Reporter','2005-05-26',10),(947,'Supersize meals','Sun Chronicle','2003-12-08',40),(948,'Meatless Burgers','Lincoln News','2000-02-13',964),(949,'Pumpkin Seeds','Nainebiz','2006-03-08',72),(950,'Frozen Fruits','Mainely Media','1998-07-08',751),(951,'Fix Your Nutrition with A DNA Test','Maine Campus','2009-11-06',578),(952,'How Flavor Drives Nutrition','Maine Insights','2001-03-16',802),(953,'Hot Chili Peppers','Lincoln County News','2001-03-07',207),(954,'Lentils','Maine Today','2010-11-14',943),(955,'Next Hot Food Trends','Monument','2013-08-24',875),(956,'Big Sugar','NYT Maine','2012-06-03',284),(957,'Lactose Intolerance','Morning Sentinel','2016-12-12',319),(958,'Saturated Fat and Heart Health','Press Herald','1995-08-09',174),(959,'Limes','Rolling Thunder Express','1996-11-28',410),(960,'Chickpeas','Rumford Falls Times','1993-03-25',869),(961,'Coconut Oil','Sanford News','1995-05-17',964),(962,'Feeding Type','Seacoast Online','1991-09-05',273),(963,'School Lunch Nutrition','Star Herald','1997-04-30',62),(964,'Vegan Athletes','Sun Journal ','2015-12-10',139),(965,'Calorie Intake','The Daily Me','1994-10-09',290),(966,'Nutrition Statistics','The Forecaster','2003-02-02',351),(967,'Food and Exercise','The Free Press','1994-11-26',81),(968,'Lemons','The Independent','2005-12-12',876),(969,'Nutrition Month','The Main Edge','2013-09-16',294),(970,'Avocados','The Original Irregular','2007-11-25',531),(971,'Post-Exercise Nutrition','The Maine Switch','2002-08-08',333),(972,'Nuts','The Notes','2005-02-23',736),(973,'Mushrooms','The Porthole','1996-12-28',980),(974,'Pumpkin','The Times Record','2003-07-13',323),(975,'Raspberries','The Town Line','2001-09-14',239),(976,'Blueberries','The Weekly Packet','2014-11-19',714),(977,'Cucumbers','The Weekly Sentinel','2007-11-01',179),(978,'Omega-3','The West End News','1997-08-04',222),(979,'Eggplant','The York Independent','2007-12-22',425),(980,'Watermelon','Three Rivers News','2003-01-23',905),(981,'Tomatoes','Twin City Times','1990-10-28',230),(982,'Potatoes','Arbiter','1990-09-28',182),(983,'Papaya','Argonaut','2006-05-29',578),(984,'Pomegranate','Boise Weekly','1994-10-23',321),(985,'Corn','Idaho County Free Press','1993-05-16',76),(986,'Gelatin','Idaho State Journal','2012-06-09',2),(987,'Watercress','Island Park News','2014-04-26',14),(988,'Spinach','Lewiston Tribune','1995-02-10',247),(989,'Cauliflower','McCall Star News','2011-02-05',356),(990,'Brussel Sprouts','Morning News','2008-02-27',477),(991,'Strawberries','Mountain Express','2004-10-01',893),(992,'Grapes','New West ','2002-05-29',601),(993,'Pears','News Examiner','1996-11-17',838),(994,'Bananas','Miner Online','2006-08-16',793),(995,'Onions','Power County Press','2006-01-08',138),(996,'Garlic','Preston Citizen','2013-10-06',967),(997,'Sweetners','Rexburg Standard Journal','2014-10-13',351),(998,'Beetroot','River Journal','2002-02-07',886),(999,'Green Beans','Messenger Index','2005-12-23',498),(1000,'The Sugar War','NYT Idaho','2013-06-03',570);
/*!40000 ALTER TABLE `articles` ENABLE KEYS */;
UNLOCK TABLES;

--
-- Table structure for table `authors`
--

DROP TABLE IF EXISTS `authors`;
/*!40101 SET @saved_cs_client     = @@character_set_client */;
/*!40101 SET character_set_client = utf8 */;
CREATE TABLE `authors` (
  `author_id` int(11) NOT NULL AUTO_INCREMENT,
  `author_fname` varchar(45) DEFAULT NULL,
  `author_lname` varchar(45) NOT NULL,
  `author_degree` varchar(45) DEFAULT NULL,
  `author_institution` varchar(45) DEFAULT NULL,
  `author_contact` varchar(45) DEFAULT NULL,
  PRIMARY KEY (`author_id`)
) ENGINE=InnoDB AUTO_INCREMENT=2795 DEFAULT CHARSET=utf8;
/*!40101 SET character_set_client = @saved_cs_client */;

--
-- Dumping data for table `authors`
--

LOCK TABLES `authors` WRITE;
/*!40000 ALTER TABLE `authors` DISABLE KEYS */;
INSERT INTO `authors` VALUES (1,'Felicio','Jime','BA','Universidad Isaac Newton','fjime0@wired.com'),(2,'Jamie','McIlwraith','BS','Universidad Odontolgica Dominicana','jmcilwraith1@pen.io'),(3,'Riccardo','Landre','MA','Prague College','rlandre2@yale.edu'),(4,'Lanie','Pile','MS','Lorestan University of Medical Sciences','lpile3@hud.gov'),(5,'Pepi','Biggans','Ph.D.','Kitami Institute of Technology','pbiggans4@yellowbook.com'),(6,'Tabbie','Burgett','M.D.','University of Sheffield','tburgett5@indiegogo.com'),(7,'Jocelyne','Dodgson','BA','Truman College','jdodgson6@umich.edu'),(8,'Orelle','Oxbrough','BS','University College of Kristianstad','ooxbrough7@abc.net.au'),(9,'Jonathan','Joddens','MA','Universidad Fermin Toro','jjoddens8@ustream.tv'),(10,'Clarette','Hyatt','MS','Institute of Management and Technical Studies','chyatt9@cbslocal.com'),(11,'Errick','Fison','Ph.D.','Universitas Gadjah Mada','efisona@skype.com'),(12,'Odessa','Schulze','M.D.','Beijing University of Chemical Technology','oschulzeb@sfgate.com'),(14,'Edlin','Adamczyk','BS','Banasthali University','eadamczykd@mashable.com'),(15,'Denyse','Allery','MA','Universidade de Tocantins','dallerye@nydailynews.com'),(17,'Elane','Amps','Ph.D.','National Chi Nan University','eampsg@archive.org'),(18,'Darnell','Bogeys','M.D.','Universidade Federal do Rio Grande do Norte','dbogeysh@liveinternet.ru'),(19,'Cindy','Scutching','BA','Technological University (Taunggyi)','cscutchingi@cdbaby.com'),(20,'Gail','Wyleman','BS','Randolph-Macon Woman\'s College','gwylemanj@artisteer.com'),(21,'Kurtis','Fulmen','MA','Wiley College','kfulmenk@studiopress.com'),(22,'Gracie','Truwert','MS','University of Kufa','gtruwertl@pcworld.com'),(23,'Barbette','Randal','Ph.D.','Linfield College','brandalm@nydailynews.com'),(24,'Zorine','Alldred','M.D.','Chungnam National University','zalldredn@blogger.com'),(25,'Roslyn','O\'Corhane','BA','St. Mary\'s University of Minnesota','rocorhaneo@java.com'),(26,'Luciana','Beever','BS','Saint Mary\'s University','lbeeverp@phpbb.com'),(27,'Ashli','Lemarie','MA','Universit de Picardie Jules-Verne','alemarieq@gravatar.com'),(28,'Andros','Durtnall','MS','Ahmadu Bello University','adurtnallr@pagesperso-orange.fr'),(29,'Marilee','Jerrolt','Ph.D.','Selkirk College','mjerrolts@livejournal.com'),(30,'Sky','Bilbrey','M.D.','University of the Assumption','sbilbreyt@blogspot.com'),(31,'Orlando','Bim','BA','Indiana University - Southeast','obimu@lycos.com'),(32,'Dalli','Acland','BS','Vyatka State Pedagogical University','daclandv@time.com'),(33,'Curtice','Deighan','MA','Universidad Champagnat','cdeighanw@unc.edu'),(34,'Dallon','Ensor','MS','University of the Free State','densorx@google.co.uk'),(35,'Shoshana','Matignon','Ph.D.','International University of Africa (IUA)','smatignony@yale.edu'),(36,'Lucina','Hutley','M.D.','Carleton University','lhutleyz@google.co.uk'),(37,'Bren','Rainy','BA','University of New Orleans','brainy10@virginia.edu'),(38,'Hertha','Sapir','BS','William Gilbert College','hsapir11@typepad.com'),(39,'Glen','Banville','MA','Modern University for the Humanities','gbanville12@oaic.gov.au'),(40,'Aggie','Braniff','MS','Silpakorn University','abraniff13@example.com'),(43,'Anallise','Jakubovsky','BA','Hue University','ajakubovsky16@php.net'),(44,'Gizela','Kilroy','BS','Holy Apostles College','gkilroy17@hatena.ne.jp'),(46,'Odie','Deighan','MS','Albany College of Pharmacy','odeighan19@123-reg.co.uk'),(47,'Ezmeralda','Masic','Ph.D.','Universidade Federal de So Paulo','emasic1a@studiopress.com'),(48,'Janine','Maffioni','M.D.','Universit des Antilles et de la Guyane','jmaffioni1b@tripadvisor.com'),(49,'Teodoor','Grunwall','BA','Minneapolis College of Art and Design','tgrunwall1c@europa.eu'),(50,'Gretel','Lymbourne','BS','Philadelphia College of Bible','glymbourne1d@epa.gov'),(51,'Cammy','Stockings','MA','Koya University (Kurdistan Region)','cstockings1e@sina.com.cn'),(52,'Prescott','Huertas','MS','Applied Science University','phuertas1f@fotki.com'),(53,'Jinny','Daybell','Ph.D.','Centro Universitrio Senac','jdaybell1g@google.de'),(54,'Jose','De Maine','M.D.','American Conservatory Theater','jdemaine1h@printfriendly.com'),(55,'Lishe','Giaomozzo','BA','Rajiv Gandhi University','lgiaomozzo1i@blogtalkradio.com'),(56,'Anette','O\'Callaghan','BS','Escuela Superior Politcnica del Litoral','aocallaghan1j@oracle.com'),(58,'Guss','Pollastro','MS','Art University','gpollastro1l@ameblo.jp'),(59,'Pyotr','Clilverd','Ph.D.','Jimei University','pclilverd1m@guardian.co.uk'),(62,'Cornell','Houndesome','BS','American College of Greece','choundesome1p@t-online.de'),(63,'Pandora','Kynastone','MA','University of Food Technology','pkynastone1q@diigo.com'),(64,'Alli','Dipple','MS','University of Canterbury','adipple1r@1und1.de'),(65,'Vivyanne','Ager','Ph.D.','Lane College','vager1s@reddit.com'),(66,'Hillary','Josilevich','M.D.','California State University, Northridge','hjosilevich1t@nps.gov'),(68,'Chlo','Kirkman','BS','Tarleton State University','ckirkman1v@weibo.com'),(69,'Teddy','Westpfel','MA','Moorhead State University','twestpfel1w@china.com.cn'),(70,'Reider','Casari','MS','Rani Durgavati University','rcasari1x@reverbnation.com'),(71,'Aimil','Hancke','Ph.D.','University of the Southwest','ahancke1y@youtube.com'),(72,'Nataline','Fogt','M.D.','Texas A&M University - Texarkana','nfogt1z@wiley.com'),(73,'Sapphire','Cosley','BA','Polytechnic Institute of Bari','scosley20@moonfruit.com'),(74,'Jillayne','Wrist','BS','Jatiya Kabi Kazi Nazrul Islam University','jwrist21@hubpages.com'),(75,'Annamarie','Mosedill','MA','Universit de Technologie de Troyes','amosedill22@tripadvisor.com'),(76,'Kora','Ewan','MS','University of Cebu','kewan23@tiny.cc'),(77,'Trent','Chewter','Ph.D.','Delaware State University','tchewter24@mediafire.com'),(78,'Caleb','Gammill','M.D.','Mazandaran University of Medical Science','cgammill25@unicef.org'),(79,'Darb','Sacase','BA','Shuchiin College','dsacase26@sun.com'),(80,'Sheilah','Marques','BS','University of Music and Fine Arts','smarques27@taobao.com'),(81,'Dewitt','Fairburn','MA','Universit de Sherbrooke','dfairburn28@army.mil'),(83,'Aleece','Pierton','Ph.D.','Jadara University','apierton2a@mapquest.com'),(84,'Midge','Copsey','M.D.','Yerevan Haibusak University','mcopsey2b@cocolog-nifty.com'),(85,'Sigvard','Paddell','BA','Universitas Mahasaraswati Denpasar','spaddell2c@google.ru'),(89,'Giacinta','Camamile','Ph.D.','Sathyabama University','gcamamile2g@dot.gov'),(90,'Annmarie','Miles','M.D.','Hemwati Nandan Bahuguna Garhwal University','amiles2h@youtube.com'),(91,'Weber','Fenton','BA','Nippon Sport Science University','wfenton2i@163.com'),(92,'Nicko','Matissoff','BS','Indira Gandhi Agricultural University','nmatissoff2j@psu.edu'),(93,'Melosa','Cassam','MA','University of Kabianga','mcassam2k@berkeley.edu'),(94,'Lanie','Slader','MS','Shanghai Second Polytechnic University','lslader2l@amazon.co.jp'),(95,'Zachariah','Cunnell','Ph.D.','Medical Academy in Gdansk','zcunnell2m@comsenz.com'),(96,'Danya','Faustin','M.D.','Theologische Hochschule Friedensau','dfaustin2n@uol.com.br'),(97,'Cornell','Hamerton','BA','Darton College','chamerton2o@google.com.hk'),(99,'Shirlene','Tousy','MA','International Blacksea University','stousy2q@dedecms.com'),(100,'Kermie','Rivilis','MS','University of New York in Prague','krivilis2r@moonfruit.com'),(101,'Edwin','Puttrell','Ph.D.','Yonsei University','eputtrell2s@mlb.com'),(103,'Allan','Lamasna','BA','Universidad APEC','alamasna2u@java.com'),(104,'Kennith','Villa','BS','Montana State University','kvilla2v@usda.gov'),(105,'Catrina','Kinnon','MA','Kyoto University of Foreign Studies','ckinnon2w@rambler.ru'),(106,'Carson','Treneman','MS','Debrecen University of Agricultural Sciences','ctreneman2x@marketwatch.com'),(107,'Lani','Summerlee','Ph.D.','Texas A&M University - Corpus Christi','lsummerlee2y@netscape.com'),(108,'Jacquetta','Cribbin','M.D.','Information and Communications University','jcribbin2z@simplemachines.org'),(109,'Bunnie','Ourry','BA','University of Management and Marketing','bourry30@webnode.com'),(110,'Merci','Witcherley','BS','Erskine College','mwitcherley31@wordpress.com'),(111,'Mordecai','Kezor','MA','Chadron State College','mkezor32@omniture.com'),(112,'Judie','Aguirrezabala','MS','Universitas Muhammadiyah Makassar','jaguirrezabala33@virginia.edu'),(113,'Florinda','Dessent','Ph.D.','Universidad Pedagogica Nacional','fdessent34@independent.co.uk'),(114,'Andrei','MacDuffie','M.D.','Samara State Agricultural Academy','amacduffie35@printfriendly.com'),(116,'Marty','Rolstone','BS','Applied Science University','mrolstone37@hao123.com'),(117,'Norton','Cottesford','MA','Institute of Technology and Management','ncottesford38@tuttocitta.it'),(118,'Bethena','Townshend','MS','Harbin University of Science and Technology','btownshend39@npr.org'),(119,'Ky','McCarle','Ph.D.','University of Management & Technology','kmccarle3a@census.gov'),(120,'Ber','Goathrop','M.D.','Campion College','bgoathrop3b@ed.gov'),(121,'Huntley','De Paoli','BA','University Campus Suffolk','hdepaoli3c@friendfeed.com'),(123,'Roland','Ruslin','MA','Murni Nursing College','rruslin3e@artisteer.com'),(124,'Kerrin','Bellenie','MS','Glasgow School of Art','kbellenie3f@youtube.com'),(125,'Odilia','Fluck','Ph.D.','University of Science and Technology Beijing','ofluck3g@state.gov'),(126,'Olivette','Widd','M.D.','University of Tuzla','owidd3h@alibaba.com'),(127,'Nesta','Quilligan','BA','Thomas Jefferson University','nquilligan3i@mapy.cz'),(128,'Michaela','Walicki','BS','Eberhard-Karls-Universitt Tbingen','mwalicki3j@ted.com'),(129,'Ritchie','Lark','MA','San Joaquin College of Law','rlark3k@typepad.com'),(130,'Earlie','Goodin','MS','Australian National University','egoodin3l@gizmodo.com'),(131,'Mellicent','Drysdell','Ph.D.','Shantou University','mdrysdell3m@engadget.com'),(132,'Petunia','Legrice','M.D.','Al Khawarizmi International College','plegrice3n@alexa.com'),(133,'Lindsy','Grimsditch','BA','Birjand University','lgrimsditch3o@g.co'),(134,'Earlie','Noir','BS','Southern Cross University','enoir3p@netscape.com'),(135,'Lorin','Lashley','MA','Hebei United University','llashley3q@blogger.com'),(136,'Elsworth','Ridgedell','MS','Louisiana State University in Shreveport','eridgedell3r@godaddy.com'),(137,'Lesya','Checcucci','Ph.D.','Bond University','lcheccucci3s@paypal.com'),(138,'Janene','Chantrell','M.D.','Somaliland University of Technology','jchantrell3t@yale.edu'),(139,'Sela','Aime','BA','Baker College of Auburn Hills','saime3u@vimeo.com'),(140,'Dalenna','Regitz','BS','Ecole Polytechnique Marseille','dregitz3v@skyrock.com'),(141,'Angy','Schole','MA','Northwestern University In Qatar','aschole3w@deliciousdays.com'),(142,'Milli','Oganesian','MS','Politeknik Negeri Padang','moganesian3x@omniture.com'),(143,'Danny','Sprosson','Ph.D.','Ural State Academy of Law','dsprosson3y@go.com'),(144,'Britta','Rigmond','M.D.','Universiteit Doesburg (UNDO)','brigmond3z@360.cn'),(145,'Dynah','Klimschak','BA','Pdagogische Hochschule Ludwigsburg','dklimschak40@economist.com'),(146,'Hagan','Barts','BS','Build Bright University','hbarts41@linkedin.com'),(147,'Geralda','Riccione','MA','Seisen University','griccione42@1688.com'),(148,'Stephanus','Frankom','MS','University of Electro-Communications','sfrankom43@sogou.com'),(149,'Hercule','Gawke','Ph.D.','Universidade da Amaznia','hgawke44@last.fm'),(150,'Manfred','Thorius','M.D.','University of Abuja','mthorius45@blinklist.com'),(151,'Kessiah','Fattorini','BA','Kyushu University','kfattorini46@reuters.com'),(152,'Ximenes','Olek','BS','Damghan University of Basic Sciences','xolek47@miitbeian.gov.cn'),(153,'Pat','Yaneev','MA','Fachhochschule JOANNEUM','pyaneev48@cornell.edu'),(154,'Marcela','Llewelly','MS','Suranaree University of Technology','mllewelly49@pagesperso-orange.fr'),(155,'Bertie','Paaso','Ph.D.','Saxion Universities ','bpaaso4a@gmpg.org'),(156,'Pincus','Matcham','M.D.','Universidad Diego Portales','pmatcham4b@omniture.com'),(157,'Elberta','Yacob','BA','Wonkwang University','eyacob4c@cam.ac.uk'),(158,'Elvis','Grinley','BS','Huazhong University of Science and Technology','egrinley4d@bloglines.com'),(159,'Beck','Lovelock','MA','Kursk State Technical University','blovelock4e@ft.com'),(161,'Jennica','McIlmorie','Ph.D.','Midlands State University','jmcilmorie4g@unc.edu'),(162,'Eliot','Farraway','M.D.','Royal College of Physicians of Ireland','efarraway4h@angelfire.com'),(163,'Bartram','Newrick','BA','University of Ioannina','bnewrick4i@bbb.org'),(164,'Michel','Lile','BS','Bukkyo University','mlile4j@elegantthemes.com'),(165,'Herculie','Charville','MA','Universit du Qubec  Chicoutimi','hcharville4k@pagesperso-orange.fr'),(166,'Shelley','Colquite','MS','Hainan University','scolquite4l@ebay.co.uk'),(167,'Ingunna','Gravatt','Ph.D.','National University of Samoa','igravatt4m@baidu.com'),(168,'Euphemia','Sarginson','M.D.','Kyoto Prefectural University','esarginson4n@purevolume.com'),(169,'Olly','Netherclift','BA','Universidad de Lima','onetherclift4o@weibo.com'),(170,'Kellyann','Grain','BS','Epoka University','kgrain4p@tumblr.com'),(171,'Morten','Arnowicz','MA','Trinity College Carmarthen','marnowicz4q@4shared.com'),(172,'Katti','Mogford','MS','Northwestern College St. Paul','kmogford4r@chicagotribune.com'),(173,'Bendix','Kyle','Ph.D.','University of Fort Hare','bkyle4s@phpbb.com'),(174,'Cullen','Monard','M.D.','Florida Southern College','cmonard4t@wisc.edu'),(175,'Ellary','Sickert','BA','Universidad la Concordia','esickert4u@accuweather.com'),(176,'Eliza','Scimonelli','BS','United States Sports Academy','escimonelli4v@sun.com'),(177,'Theodor','Davidek','MA','Universidad Autnoma de la Laguna','tdavidek4w@timesonline.co.uk'),(178,'Saleem','Happel','MS','Culver-Stockton College','shappel4x@blogspot.com'),(180,'Mandi','Cussen','M.D.','Suleyman Demirel University','mcussen4z@weibo.com'),(181,'Harli','Renard','BA','Green University of Bangladesh','hrenard50@nymag.com'),(182,'Karissa','Thorrington','BS','Universidade Federal de Alagoas','kthorrington51@homestead.com'),(183,'Auria','Decroix','MA','Technical University of Poznan','adecroix52@networksolutions.com'),(185,'Lia','Tuckey','Ph.D.','Kermanshah University of Medical Sciences','ltuckey54@clickbank.net'),(187,'Hadleigh','Kobiela','BA','Moscow State University of Culture','hkobiela56@illinois.edu'),(189,'Guilbert','Cowell','MA','Andhra University','gcowell58@google.cn'),(190,'Stormy','Jansens','MS','Universidad de Holgun','sjansens59@pen.io'),(191,'Cary','Simmens','Ph.D.','East-Siberian State University','csimmens5a@ycombinator.com'),(192,'Jolyn','Posthill','M.D.','Shirayuri Women\'s College','jposthill5b@wp.com'),(193,'Mirabella','Choke','BA','Southern Wesleyan University','mchoke5c@cam.ac.uk'),(194,'Hedwig','Pryn','BS','University of Jazeera','hpryn5d@shop-pro.jp'),(195,'Bale','Blagden','MA','Zhezkazgan Baikonurov University','bblagden5e@vk.com'),(196,'Tedi','Harrison','MS','King\'s College London, University of London','tharrison5f@51.la'),(197,'Annnora','Shorrock','Ph.D.','Bellin College of Nursing','ashorrock5g@gravatar.com'),(198,'Emmalyn','McGing','M.D.','Clayton College & State University','emcging5h@nymag.com'),(199,'Garnet','Bohlsen','BA','Faculdade Jaguarina','gbohlsen5i@washington.edu'),(200,'Lodovico','Scouller','BS','Solapur University','lscouller5j@liveinternet.ru'),(201,'Vaclav','Wagerfield','MA','Universitas Widya Gama Malang','vwagerfield5k@icq.com'),(202,'Cristobal','Yakobowitch','MS','Galatasaray University','cyakobowitch5l@nifty.com'),(203,'Ardyce','Carnaman','Ph.D.','Universitas Kristen Indonesia','acarnaman5m@icq.com'),(204,'Price','Rushbrook','M.D.','Yukon College','prushbrook5n@123-reg.co.uk'),(205,'Dillie','Baxendale','BA','Universidad Autnoma de Santo Domingo','dbaxendale5o@eventbrite.com'),(208,'Giacopo','Berthel','MS','Ubonratchathani University','gberthel5r@senate.gov'),(209,'Vassily','Champerlen','Ph.D.','Lindsey Wilson College','vchamperlen5s@redcross.org'),(210,'Eric','Prothero','M.D.','Hanseo University','eprothero5t@yahoo.co.jp'),(211,'Nickie','Gregori','BA','University of Economics Varna','ngregori5u@comsenz.com'),(212,'Henriette','Merington','BS','Universit Lumire de Bujumbura','hmerington5v@shutterfly.com'),(213,'Grover','Tolworthy','MA','Tennessee Temple University','gtolworthy5w@fda.gov'),(214,'Nerte','Petroff','MS','Charles Sturt University','npetroff5x@4shared.com'),(215,'Dex','O\'Ruane','Ph.D.','Grodno State Medical University','doruane5y@ifeng.com'),(216,'Amalia','Mitie','M.D.','Cranbrook Academy of Art','amitie5z@irs.gov'),(217,'Parrnell','Barthot','BA','Universidad de Guanajuato','pbarthot60@china.com.cn'),(218,'Hal','Le Count','BS','Jawzjan University','hlecount61@blogspot.com'),(219,'Annmaria','Eland','MA','Medaille College','aeland62@sohu.com'),(220,'Putnem','Fehners','MS','Virginia International University','pfehners63@amazon.co.uk'),(221,'Hanni','Cesco','Ph.D.','People\' s Friendship University of Russia','hcesco64@sogou.com'),(222,'Grata','Waltho','M.D.','Saybrook Institute','gwaltho65@boston.com'),(223,'Constantine','Witcomb','BA','Shanghai Ouhua Vocational Technical College','cwitcomb66@prweb.com'),(224,'Tracee','Maysor,','BS','Islamic Azad University, Majlesi','tmaysor67@yandex.ru'),(225,'Hebert','Phidgin','MA','Indira Gandhi Institute of Medical Sciences','hphidgin68@barnesandnoble.com'),(226,'Allx','Scotchmor','MS','Kwararafa University','ascotchmor69@simplemachines.org'),(227,'Allsun','Blandamore','Ph.D.','Georgetown University','ablandamore6a@baidu.com'),(228,'Arlette','Cardus','M.D.','Kyushu Institute of Design','acardus6b@nba.com'),(229,'Knox','Salleir','BA','National Agricultural University','ksalleir6c@netvibes.com'),(230,'Rita','Leader','BS','Universidad Franco-Mexicana','rleader6d@statcounter.com'),(231,'Cristabel','Scully','MA','Nihon University','cscully6e@ca.gov'),(232,'Cullen','Cossor','MS','Karnatak University','ccossor6f@omniture.com'),(234,'Joey','Avramovich','M.D.','Universidad Hispanoamericana','javramovich6h@fda.gov'),(235,'Jourdain','Mayze','BA','Hardin-Simmons University','jmayze6i@blinklist.com'),(236,'Jamal','Bayston,','BS','University of Trento','jbayston6j@howstuffworks.com'),(237,'Thayne','Rigglesford','MA','Ho Chi Minh City University of Pedagogics','trigglesford6k@discuz.net'),(238,'Clarisse','Borrell','MS','University \"Titu Maiorescu\"\"\"','cborrell6l@thetimes.co.uk'),(239,'Garvey','Lampaert','Ph.D.','Tohoku Institute of Technology','glampaert6m@oaic.gov.au'),(242,'Staffard','Pendrey','BS','Phillips-Universitt Marburg','spendrey6p@photobucket.com'),(243,'Kiley','Wabey','MA','Brescia College','kwabey6q@angelfire.com'),(244,'Cassy','Freed','MS','Humber College','cfreed6r@w3.org'),(245,'Duffy','Armin','Ph.D.','Universidade do Extremo Sul Catarinense','darmin6s@acquirethisname.com'),(246,'Amabel','Kaye','M.D.','St. Matthews University','akaye6t@cloudflare.com'),(247,'Rosy','Friend','BA','Universidad de Buenos Aires','rfriend6u@comsenz.com'),(248,'Moshe','Lenney','BS','Institute of Teachers Education, Kota Bharu','mlenney6v@house.gov'),(249,'Cyndy','Louedey','MA','University of Illinois at Urbana-Champaign','clouedey6w@reverbnation.com'),(251,'Karlee','Ineson','Ph.D.','Queen Arwa University','kineson6y@newyorker.com'),(252,'Melania','Burtonshaw','M.D.','Chicago State University','mburtonshaw6z@altervista.org'),(253,'Obediah','Cancellario','BA','Nanjing University','ocancellario70@usatoday.com'),(254,'Chastity','Chesshyre','BS','Mount Royal College','cchesshyre71@techcrunch.com'),(255,'Rudyard','Wank','MA','Geneva College','rwank72@buzzfeed.com'),(256,'Nataline','Mayworth','MS','Universidad de La Guajira','nmayworth73@nymag.com'),(257,'Tremain','Behrens','Ph.D.','Dammam Community College','tbehrens74@usnews.com'),(258,'Jilli','Forsbey','M.D.','Kyoto University of Art and Design','jforsbey75@cargocollective.com'),(259,'Herrick','Della','BA','Management and Science University','hdella76@purevolume.com'),(261,'Wallie','Behnke','MA','Sikha \'O\' Anushandhan University','wbehnke78@va.gov'),(262,'Barbaraanne','Billison','MS','University of California, San Francisco','bbillison79@flickr.com'),(263,'Con','Duckering','Ph.D.','National University of Singapore','cduckering7a@cnbc.com'),(264,'Saundra','Dolbey','M.D.','Taipei Municipal Teachers College','sdolbey7b@netlog.com'),(265,'Emmy','Colls','BA','Sauder School of Business','ecolls7c@parallels.com'),(266,'Jaquelyn','Giacoppoli','BS','Yamanashi Gakuin University','jgiacoppoli7d@google.cn'),(267,'Michell','Carradice','MA','Justus Liebig Universitt Gieen','mcarradice7e@mozilla.org'),(268,'Cathi','Hartigan','MS','New York Film Academy','chartigan7f@cyberchimps.com'),(269,'Patricio','Verden','Ph.D.','Seokyeong University','pverden7g@cbsnews.com'),(270,'Claudia','Ambrosini','M.D.','Universitt Rostock','cambrosini7h@jigsy.com'),(271,'Mirelle','Owlner','BA','Universidad Catlica Boliviana, La Paz','mowlner7i@pagesperso-orange.fr'),(272,'Lorettalorna','Wear','BS','Cardinal Stritch University','lwear7j@loc.gov'),(273,'Patty','Messitt','MA','Rezekne Higher School','pmessitt7k@usda.gov'),(274,'Konstanze','Phipps','MS','Florida Atlantic University','kphipps7l@opensource.org'),(276,'El','Witherby','M.D.','Universidad Pablo de Olavide','ewitherby7n@macromedia.com'),(277,'Al','Sopp','BA','Columbia College Hollywood','asopp7o@jigsy.com'),(278,'Luther','Werner','BS','Universidad Mxico Internacional','lwerner7p@un.org'),(279,'Corrie','Scintsbury','MA','University of the Punjab','cscintsbury7q@samsung.com'),(280,'Sara-ann','Lefever','MS','Theologische Fakultt Paderborn','slefever7r@discovery.com'),(281,'Conway','McCoid','Ph.D.','University of Calcutta','cmccoid7s@canalblog.com'),(282,'Tansy','Ozintsev','M.D.','Umutara Polytechnic','tozintsev7t@multiply.com'),(283,'Patsy','Dory','BA','Universidad Cristbal Coln','pdory7u@digg.com'),(284,'Kiel','Gaiter','BS','Fachhochschule Wiener Neustadt','kgaiter7v@cbslocal.com'),(285,'Ivie','Seville','MA','University of Asia and the Pacific','iseville7w@infoseek.co.jp'),(286,'Jillian','Mullin','MS','National University of Music','jmullin7x@dot.gov'),(287,'Alejandrina','Grutchfield','Ph.D.','Universidad Catolica de Temuco','agrutchfield7y@admin.ch'),(288,'Merridie','Dronsfield','M.D.','Providence University','mdronsfield7z@time.com'),(289,'Ashia','Sedgman','BA','Anton de Kom University','asedgman80@vinaora.com'),(290,'Genevra','Powlesland','BS','University of Switzerland','gpowlesland81@google.ru'),(291,'Cletus','Emblem','MA','Link Campus University of Malta','cemblem82@sun.com'),(292,'Shannan','Rubenovic','MS','Shaheed Benazir Bhutto Women University ','srubenovic83@jiathis.com'),(293,'Erin','Norcott','Ph.D.','Manhattanville College','enorcott84@irs.gov'),(294,'Lorrie','Probin','M.D.','Sweet Briar College','lprobin85@tamu.edu'),(295,'Hillel','Van Dijk','BA','Pdagogische Hochschule Karlsruhe','hvandijk86@1688.com'),(296,'Maryrose','Nial','BS','Universidad Externado de Colombia','mnial87@creativecommons.org'),(297,'Esta','Tenny','MA','National United University','etenny88@cmu.edu'),(298,'Ibbie','Tiery','MS','Universidad Fundepos Alma Mater','itiery89@hp.com'),(299,'Rozelle','McGilleghole','Ph.D.','Melaka Islamic University College','rmcgilleghole8a@wikispaces.com'),(300,'Joanie','Loisi','M.D.','Davenport College of Business, Grand Rapids','jloisi8b@mediafire.com'),(301,'Flory','Anstie','BA','Shimer College','fanstie8c@unesco.org'),(302,'Humfrid','Le land','BS','Universitas Katolik Parahyangan','hleland8d@barnesandnoble.com'),(303,'Tabbitha','Youd','MA','Fachhochschule Wedel','tyoud8e@geocities.com'),(304,'Hedda','Longmire','MS','St. Joseph\'s University','hlongmire8f@businessweek.com'),(305,'Petunia','Vlasenkov','Ph.D.','Xi\'an Jiaotong-Liverpool University','pvlasenkov8g@utexas.edu'),(306,'Athene','Porch','M.D.','Volgograd State Pedagogical University','aporch8h@intel.com'),(307,'Davon','Jorcke','BA','Reed College','djorcke8i@a8.net'),(308,'Barnett','Copnall','BS','Southeastern College of the Assemblies of God','bcopnall8j@pinterest.com'),(309,'Loise','Marson','MA','Assumption University of Thailand','lmarson8k@yandex.ru'),(310,'Jojo','Fawdrie','MS','Atlantic Union College','jfawdrie8l@go.com'),(311,'Sascha','O\' Faherty','Ph.D.','La Sierra University','sofaherty8m@4shared.com'),(312,'Casandra','Gainsborough','M.D.','University of Aquila','cgainsborough8n@ucsd.edu'),(313,'Fredericka','Knightsbridge','BA','Southampton Solent University','fknightsbridge8o@howstuffworks.com'),(314,'Verne','Bellwood','BS','Fachhochschule Nordostniedersachsen','vbellwood8p@blog.com'),(315,'Lock','Manilow','MA','Taiyuan University of Technology','lmanilow8q@weebly.com'),(316,'Melloney','Pizzey','MS','Kyungpook National University','mpizzey8r@bluehost.com'),(317,'Aurelie','Neubigging','Ph.D.','Universidad Libre de Costa Rica','aneubigging8s@economist.com'),(318,'Enos','Tyrrell','M.D.','South Dakota School of Mines and Technology','etyrrell8t@exblog.jp'),(319,'Wood','Hodcroft','BA','Johnson & Wales University, Charleston','whodcroft8u@google.it'),(320,'Zelig','Wisker','BS','EHSAL - Europese Hogeschool Brussel','zwisker8v@walmart.com'),(321,'Inglebert','Davison','MA','Whitworth College','idavison8w@patch.com'),(322,'Eveleen','Tremoille','MS','Panjab University','etremoille8x@rambler.ru'),(323,'Rudyard','Kingshott','Ph.D.','University of Cape Coast','rkingshott8y@rambler.ru'),(324,'Tessie','Bentsen','M.D.','New England College','tbentsen8z@foxnews.com'),(325,'Collen','Grenville','BA','ICFAI University','cgrenville90@smugmug.com'),(326,'Lorens','Manus','BS','School for International Training','lmanus91@baidu.com'),(327,'Adoree','Hartless','MA','University of Kuopio','ahartless92@fotki.com'),(328,'Neall','Coping','MS','Swiss Business School Zurich (SBS)','ncoping93@wunderground.com'),(329,'Frans','Perl','Ph.D.','Portland Community College','fperl94@nasa.gov'),(330,'Vally','Augustine','M.D.','Ufa State Aviation Technical University','vaugustine95@discuz.net'),(331,'Terrijo','Bleddon','BA','Roger Williams University','tbleddon96@cbslocal.com'),(332,'Gordy','Lammiman','BS','Universitas Proklamasi 45','glammiman97@canalblog.com'),(333,'Dewitt','Sanney','MA','Cecos Univeristy of Information Technology','dsanney98@webmd.com'),(335,'Bobbe','Roglieri','Ph.D.','Petronas Technology University','broglieri9a@upenn.edu'),(338,'Patton','Measor,','BS','University of Lagos','pmeasor9d@sun.com'),(339,'Minnaminnie','Dearth','MA','Kolej Universiti Insaniah','mdearth9e@prweb.com'),(340,'Lena','Quantick','MS','Hirosaki University','lquantick9f@vinaora.com'),(341,'Mikol','Copsey','Ph.D.','Kankakee Community College','mcopsey9g@amazon.co.uk'),(342,'Peri','Thornton-Dewhirst','M.D.','Universidad Autnoma de Tamaulipas','pthorntondewhirst9h@tuttocitta.it'),(343,'Hulda','Pickerin','BA','Semey State Medical University','hpickerin9i@jalbum.net'),(345,'Katharina','Lovstrom','MA','Universidade Aberta Lisboa','klovstrom9k@slate.com'),(346,'Vinny','Lavielle','MS','University of Dubuque','vlavielle9l@etsy.com'),(347,'Jere','Franken','Ph.D.','Institut Suprieur d\'Agriculture Rhone-Alpes','jfranken9m@bloomberg.com'),(348,'Emmet','Wannes','M.D.','Ulaanbaatar University','ewannes9n@freewebs.com'),(350,'Ethelda','Menhci','BS','University College of Nabi Akram','emenhci9p@mapy.cz'),(351,'Melinde','Etchell','MA','Karpagam University','metchell9q@theatlantic.com'),(352,'Darsey','Margrem','MS','Universidade Catlica de Gois','dmargrem9r@webeden.co.uk'),(353,'Andrei','Ber','Ph.D.','Shanghai University','aber9s@shutterfly.com'),(354,'Sidonnie','Trewinnard','M.D.','Islamic Azad University, Majlesi','strewinnard9t@fastcompany.com'),(355,'Millicent','Panas','BA','University of Technology Phnom Penh','mpanas9u@mac.com'),(357,'Mindy','Gossipin','MA','Lock Haven University of Pennsylvania','mgossipin9w@fema.gov'),(358,'Caldwell','Barbier','MS','Arba Minch University','cbarbier9x@wikispaces.com'),(359,'Drucill','McBay','Ph.D.','Jones International University','dmcbay9y@geocities.jp'),(362,'Wilfrid','Fraschetti','BS','Hoshi University','wfraschettia1@angelfire.com'),(363,'Northrop','de Marco','MA','Universidad Don Bosco','ndemarcoa2@netscape.com'),(364,'Judd','Fairlam','MS','Brandeis University','jfairlama3@tumblr.com'),(365,'Xenos','Grierson','Ph.D.','University \"Titu Maiorescu\"\"\"','xgriersona4@redcross.org'),(367,'Nanni','McCrie','BA','Universidad Autnoma de Asuncin','nmccriea6@soundcloud.com'),(368,'Nara','Magne','BS','Qafqaz University','nmagnea7@tamu.edu'),(369,'Bryon','Eadmead','MA','Universidade Estadual do Piau','beadmeada8@statcounter.com'),(371,'Angelica','Wasielewski','Ph.D.','Aomori Chuoh Gakuin University','awasielewskiaa@histats.com'),(373,'Angela','Burnyeat','BA','Matsuyama University','aburnyeatac@webnode.com'),(374,'Clarke','Felce','BS','Internationale Fachhochschule Aalen','cfelcead@tuttocitta.it'),(375,'Ezmeralda','Loughlin','MA','Stamford International University','eloughlinae@mail.ru'),(376,'Duky','Bauldrey','MS','Universit Kasdi Merbah Ouargla','dbauldreyaf@archive.org'),(377,'Malvina','Bibb','Ph.D.','Universidad Interamericana','mbibbag@hubpages.com'),(378,'Nial','Sterley','M.D.','Kashan University','nsterleyah@edublogs.org'),(379,'Jeff','Shirtcliffe','BA','University College of Cape Breton','jshirtcliffeai@opensource.org'),(380,'Anallise','Walsh','BS','Southwest Agricultural University','awalshaj@chron.com'),(381,'Karyn','Rubinchik','MA','Ohio University - Lancaster','krubinchikak@networksolutions.com'),(382,'Aeriell','Rubega','MS','Black Hawk College','arubegaal@time.com'),(383,'Lucien','Redpath','Ph.D.','Dominican School of Philosophy and Theology','lredpatham@drupal.org'),(384,'Avivah','Martijn','M.D.','Omsk State University','amartijnan@goo.ne.jp'),(385,'Nap','Stobbart','BA','Vidyasagar University','nstobbartao@slideshare.net'),(386,'Wolfgang','Bockett','BS','Avila College','wbockettap@fda.gov'),(387,'Stu','Prangley','MA','Universit de Djibouti','sprangleyaq@php.net'),(388,'Ilaire','Braffington','MS','Meikai University','ibraffingtonar@oaic.gov.au'),(391,'Mechelle','Swainson','BA','Universit piscopale d\'Haiti','mswainsonau@ustream.tv'),(392,'Georgeta','Ibarra','BS','Regent College','gibarraav@posterous.com'),(393,'Collie','Ambresin','MA','Universitas Siliwangi','cambresinaw@stanford.edu'),(394,'Gerrie','McNelis','MS','Baku Slavic University','gmcnelisax@wordpress.org'),(395,'Kristina','Hanington','Ph.D.','Chukyo Gakuin University','khaningtonay@upenn.edu'),(396,'Dion','Maiklem','M.D.','Kyoritsu Woman\'s University','dmaiklemaz@loc.gov'),(397,'Gabriella','Idwal Evans','BA','Military academy of Lithuania','gidwalevansb0@cmu.edu'),(398,'Truman','Masters','BS','Adventist University of Africa','tmastersb1@marketwatch.com'),(399,'Keane','Bande','MA','Eastern University','kbandeb2@issuu.com'),(400,'Laryssa','Whitham','MS','Mount Mary College','lwhithamb3@tumblr.com'),(401,'Gilbertina','Tutton','Ph.D.','University of Dhaka','gtuttonb4@blogs.com'),(402,'Jerrold','Tesoe','M.D.','Don State Technical University','jtesoeb5@hao123.com'),(404,'Katlin','Hymus','BS','Southwestern Oklahoma State University','khymusb7@tripod.com'),(405,'Idaline','Cready','MA','Universidad Tcnica de Machala','icreadyb8@yale.edu'),(406,'Lurleen','Snookes','MS','RKDF University','lsnookesb9@samsung.com'),(407,'Almeria','Guiduzzi','Ph.D.','Universidad Tecnolgica de Panam','aguiduzziba@google.pl'),(408,'Penelopa','Stolz','M.D.','Dhurakijpundit University','pstolzbb@nature.com'),(409,'Liuka','Rowth','BA','Islamic Azad University, Sanandaj','lrowthbc@twitpic.com'),(410,'Trstram','Ryde','BS','Nagaland University','trydebd@accuweather.com'),(411,'Jen','Caruth','MA','Horizon College of Business and Technology','jcaruthbe@imdb.com'),(412,'Jed','MacCracken','MS','University of Papua New Guinea','jmaccrackenbf@wikipedia.org'),(413,'Ericha','Ridger','Ph.D.','Shanghai Sipo Polytechnic','eridgerbg@e-recht24.de'),(414,'Levi','Brownlee','M.D.','Minot State University','lbrownleebh@blinklist.com'),(415,'Rosalie','Sciacovelli','BA','Universidad Braulio Carrillo','rsciacovellibi@ted.com'),(416,'Harli','Urlin','BS','Kokushikan University','hurlinbj@parallels.com'),(417,'Lacee','McBrearty','MA','Mae Fah Luang University ','lmcbreartybk@examiner.com'),(418,'Dominga','Collocott','MS','Universidad Franco-Mexicana','dcollocottbl@360.cn'),(419,'Bev','McClenan','Ph.D.','Scripps College','bmcclenanbm@eventbrite.com'),(420,'Hatti','Graveston','M.D.','International School of Management','hgravestonbn@cdbaby.com'),(421,'Feliks','Jeayes','BA','Lesley University','fjeayesbo@yellowpages.com'),(422,'Max','Cuss','BS','Cleary College','mcussbp@webnode.com'),(423,'Carole','Dronsfield','MA','Ningbo University','cdronsfieldbq@cisco.com'),(424,'Zebulon','Caustick','MS','American University in Bulgaria','zcaustickbr@ed.gov'),(425,'Valentijn','Lemarie','Ph.D.','Qiongzhou University','vlemariebs@studiopress.com'),(426,'Meridith','Manjot','M.D.','Suleyman Demirel University','mmanjotbt@symantec.com'),(427,'Mortimer','Laboune','BA','Universidad de Oriente','mlabounebu@xinhuanet.com'),(428,'Breena','Kamenar','BS','Tui Online University','bkamenarbv@prlog.org'),(429,'Moreen','Hovington','MA','University of Silvaner','mhovingtonbw@oaic.gov.au'),(430,'Frank','Bernardi','MS','Dalian Polytechnic University','fbernardibx@abc.net.au'),(431,'Shayna','Cutsforth','Ph.D.','United Arab Emirates University','scutsforthby@merriam-webster.com'),(432,'Raymund','Matussov','M.D.','Ecole Centrale de Nantes','rmatussovbz@mozilla.com'),(433,'Kingsley','Medlin','BA','Immanuel Kant State University of Russia','kmedlinc0@a8.net'),(435,'Winne','Lorand','MA','Northwestern University of the Philippines','wlorandc2@twitpic.com'),(436,'Allyn','Seid','MS','Katholieke Hogeschool Leuven','aseidc3@flickr.com'),(437,'Dorena','Quiney','Ph.D.','Pan African Christian University College','dquineyc4@admin.ch'),(438,'Gabriel','Raeburn','M.D.','Universidad de Guanajuato','graeburnc5@addtoany.com'),(439,'Demeter','Navaro','BA','Rostov State University','dnavaroc6@dagondesign.com'),(440,'Bone','Collens','BS','Universidade Cruzeiro do Sul','bcollensc7@cnbc.com'),(442,'Ives','Souter','MS','Ajayi Crowther University','isouterc9@umich.edu'),(443,'Marga','Markson','Ph.D.','Kobe Shoin Women\'s University','mmarksonca@cnbc.com'),(444,'Saree','Laville','M.D.','Yaroslavl State Medical Academy','slavillecb@flickr.com'),(445,'Idalina','Bellhanger','BA','Chung-Ju National University','ibellhangercc@zimbio.com'),(447,'Josy','Forsard','MA','Veritas University','jforsardce@samsung.com'),(448,'Ambrosius','Cordy','MS','Belarussian State Polytechnical Academy','acordycf@intel.com'),(449,'Minerva','Nisen','Ph.D.','Nara University','mnisencg@soup.io'),(450,'Gabriela','Chittenden','M.D.','Yasar University','gchittendench@webs.com'),(451,'Haleigh','Westover','BA','Imperial College School of Medicine','hwestoverci@de.vu'),(452,'Rosalind','Parratt','BS','Malm University College','rparrattcj@addtoany.com'),(453,'Talbert','Lantaff','MA','California Coast University','tlantaffck@mtv.com'),(454,'Nisse','Pine','MS','Rajasthan Vidyapeeth University','npinecl@si.edu'),(455,'Shea','Birdwhistell','Ph.D.','Periyar University','sbirdwhistellcm@psu.edu'),(456,'Nollie','Cuell','M.D.','Jagiellonian University Cracow','ncuellcn@yandex.ru'),(457,'Ferd','Pringle','BA','Purdue University Calumet','fpringleco@google.cn'),(458,'Laureen','Dixcey','BS','Toyama Medical and Pharmaceutical University','ldixceycp@abc.net.au'),(459,'Jermain','Hainey','MA','Vietnam National University Ho Chi Minh City','jhaineycq@lulu.com'),(460,'Miranda','Stedson','MS','Universidad Autnoma de Occidente','mstedsoncr@umn.edu'),(461,'Carolee','Gimenez','Ph.D.','University of Hormozgan','cgimenezcs@usgs.gov'),(462,'Denise','Klaessen','M.D.','Erasmus University Rotterdam','dklaessenct@cmu.edu'),(463,'Dame','Filpo','BA','Yangtze Normal University','dfilpocu@xinhuanet.com'),(464,'Annamaria','MacAskie','BS','South Asian University','amacaskiecv@shutterfly.com'),(466,'Brittani','Girdler','MS','Gifu University for Education and Languages','bgirdlercx@shop-pro.jp'),(468,'Greg','Twohig','M.D.','Nanjing University','gtwohigcz@who.int'),(470,'Cyrus','Fisby','BS','Don State Agrarian University','cfisbyd1@bloomberg.com'),(471,'Dianne','Jerram','MA','Gustav-Siewerth-Akademie','djerramd2@dagondesign.com'),(473,'Ricki','Howitt','Ph.D.','Technological Education Institute of Kozani','rhowittd4@cloudflare.com'),(474,'Tobey','Brimmicombe','M.D.','Fachhochschule Gelsenkirchen','tbrimmicombed5@imgur.com'),(475,'Lottie','Galfour','BA','Holy Apostles College','lgalfourd6@abc.net.au'),(476,'Katharina','Caverhill','BS','Philippine Normal University','kcaverhilld7@boston.com'),(477,'Bran','Philippart','MA','Fontbonne College','bphilippartd8@jimdo.com'),(478,'Inglebert','Elizabeth','MS','Tiraspol State University','ielizabethd9@lycos.com'),(479,'Verine','Ewers','Ph.D.','University of Alabama - Birmingham','vewersda@privacy.gov.au'),(480,'Dawn','Spellissy','M.D.','Godfrey Okoye University','dspellissydb@illinois.edu'),(481,'Erasmus','Melmoth','BA','Free University Institute \"Carlo Cattaneo\"\"\"','emelmothdc@creativecommons.org'),(482,'Vannie','Gantlett','BS','Universit de Douala','vgantlettdd@studiopress.com'),(483,'Leo','Scemp','MA','Illinois State University','lscempde@is.gd'),(484,'Floria','Jaqueme','MS','Universit des Antilles et de la Guyane','fjaquemedf@bbb.org'),(485,'Marylee','Cuttler','Ph.D.','Shiraz University of Technology','mcuttlerdg@spotify.com'),(486,'Harri','Foston','M.D.','Kyoto University','hfostondh@imdb.com'),(487,'Wittie','Tawton','BA','Nippon Sport Science University','wtawtondi@boston.com'),(488,'Ursulina','Cavaney','BS','Thierry Graduate School of Leadership','ucavaneydj@live.com'),(489,'Aryn','Southerns','MA','Universidad de Montevideo','asouthernsdk@list-manage.com'),(490,'Tamqrah','Mcimmie','MS','University of National and World Economy','tmcimmiedl@pinterest.com'),(491,'Keefer','Hallan','Ph.D.','Siberian State Industrial University','khallandm@constantcontact.com'),(492,'L;urette','Chopy','M.D.','El Colegio de Mxico','lchopydn@sitemeter.com'),(493,'Vinnie','Panks','BA','Central College','vpanksdo@lycos.com'),(494,'Jolie','Sackey','BS','University of Education','jsackeydp@buzzfeed.com'),(495,'Carmelia','Marriot','MA','Universidad Andina Simn Bolvar','cmarriotdq@businessinsider.com'),(496,'Leese','Yurevich','MS','Netaji Subhas Inst of Technology','lyurevichdr@purevolume.com'),(497,'Skipper','Thowless','Ph.D.','Kansas Wesleyan University','sthowlessds@google.com.au'),(498,'Keefer','Strutley','M.D.','Kyoto University of Foreign Studies','kstrutleydt@163.com'),(500,'Griff','Flook','BS','Diaconia University of Applied Sciences','gflookdv@barnesandnoble.com'),(501,'Davis','Gooderson','MA','Al Madinah International University','dgoodersondw@rambler.ru'),(502,'Odette','Bruhke','MS','Hannibal-Lagrange College','obruhkedx@dailymail.co.uk'),(503,'Flossi','Cahey','Ph.D.','Osaka University of Education','fcaheydy@mapquest.com'),(504,'Merrel','Lockart','M.D.','Westschsische Hochschule Zwickau (FH)','mlockartdz@ucoz.com'),(505,'Carolina','Dumphries','BA','DeVry Institute of Technology, Phoenix','cdumphriese0@theatlantic.com'),(506,'Darrel','Parcall','BS','Sree Sankaracharya University of Sanskrit','dparcalle1@myspace.com'),(507,'Garreth','Bendig','MA','Trinity International University','gbendige2@cbsnews.com'),(508,'Skipp','Van Haeften','MS','Webster University North Florida','svanhaeftene3@utexas.edu'),(510,'Rachael','Rust','M.D.','Liverpool John Moores University','rruste5@squidoo.com'),(511,'Damara','Seacombe','BA','John F. Kennedy University','dseacombee6@tripadvisor.com'),(512,'Elisha','Embra','BS','University of Surrey','eembrae7@wikipedia.org'),(513,'Deina','Blackmuir','MA','Thomas University','dblackmuire8@geocities.com'),(515,'Adriana','Fedorski','Ph.D.','University of Washington','afedorskiea@cafepress.com'),(516,'Dew','Dabels','M.D.','Shanghai Jiaotong University','ddabelseb@imageshack.us'),(517,'Deloria','Fronsek','BA','Gaborone Universal College of Law','dfronsekec@vimeo.com'),(518,'Bonnie','Nice','BS','South Eastern Kenya University','bniceed@lycos.com'),(519,'Iolanthe','Fleming','MA','Northern Kentucky University','iflemingee@techcrunch.com'),(520,'Salvador','Borge','MS','Business School Lausanne (BSL)','sborgeef@ibm.com'),(523,'Benny','McSkeagan','BA','Northwood University','bmcskeaganei@arizona.edu'),(524,'Hinze','Cockley','BS','Midwestern University','hcockleyej@mayoclinic.com'),(525,'Joellen','Gauvin','MA','Colby College','jgauvinek@trellian.com'),(526,'Humphrey','Breens','MS','Ibn Sina University','hbreensel@opensource.org'),(527,'Diahann','Lodevick','Ph.D.','Sichuan Normal University','dlodevickem@si.edu'),(528,'Rennie','Speerman','M.D.','University of North Dakota','rspeermanen@vk.com'),(529,'Adolpho','Parks','BA','Novosibirsk State University','aparkseo@pbs.org'),(530,'Gunter','Bleacher','BS','Kagawa University','gbleacherep@unicef.org'),(531,'Lydon','Rogier','MA','Institute for the Economy in Transition','lrogiereq@examiner.com'),(533,'Lorrie','Alkins','Ph.D.','Hanoi University of Architecture','lalkinses@answers.com'),(534,'Cale','Carter','M.D.','DeVry Institute of Technology, DuPage','ccarteret@linkedin.com'),(535,'Jemmie','Yarrall','BA','Universitas Ibn Chaldun Jakarta','jyarralleu@parallels.com'),(536,'Lavina','Arlott','BS','Dunya Institute of Higher Education','larlottev@fotki.com'),(538,'Ginelle','Gasperi','MS','Pawel Wlodkowic University College in Plock','ggasperiex@pbs.org'),(540,'Drona','Sibary','M.D.','National United University','dsibaryez@engadget.com'),(541,'Danyelle','Cromley','BA','University of Waterloo','dcromleyf0@epa.gov'),(542,'Arlyn','Labbez','BS','Universidad del Istmo','alabbezf1@comsenz.com'),(543,'Alyss','Gripton','MA','Wagner College','agriptonf2@bloglovin.com'),(544,'Shane','Bawdon','MS','University of the Ozarks','sbawdonf3@soup.io'),(546,'Elke','MacDwyer','M.D.','Rajendra Agricultural University','emacdwyerf5@intel.com'),(547,'Cal','Hunt','BA','Dalian Polytechnic University','chuntf6@ebay.com'),(548,'Maurizia','Killingsworth','BS','Mie University','mkillingsworthf7@bravesites.com'),(549,'Elyssa','Kmicicki','MA','Ohio University - Lancaster','ekmicickif8@arstechnica.com'),(550,'Rori','Badsworth','MS','Hope Africa University','rbadsworthf9@huffingtonpost.com'),(551,'Bernadina','Lemmon','Ph.D.','Tianjin University of Technology','blemmonfa@cnbc.com'),(552,'Emelina','Ruddiman','M.D.','Araullo University','eruddimanfb@clickbank.net'),(553,'Cam','Sympson','BA','Norwegian College of Veterinary Medicine','csympsonfc@taobao.com'),(554,'Franzen','Luckham','BS','Holy Cross College','fluckhamfd@myspace.com'),(556,'Cristobal','Chillingworth','MS','William Penn College','cchillingworthff@sciencedirect.com'),(557,'Mady','Cuthill','Ph.D.','Korea National Open University','mcuthillfg@ucsd.edu'),(558,'Garwin','Donet','M.D.','Wadi International University','gdonetfh@yahoo.co.jp'),(559,'Eve','McGlynn','BA','Montana State University - Billings','emcglynnfi@cbc.ca'),(560,'Debora','Farraway','BS','Ehime University','dfarrawayfj@example.com'),(561,'Ceciley','Jillings','MA','London School of Jewish Studies','cjillingsfk@jalbum.net'),(562,'Will','Pickover','MS','Tokyo University of Information Sciences','wpickoverfl@nymag.com'),(563,'Guilbert','Kynaston','Ph.D.','College of Education Ikere','gkynastonfm@dmoz.org'),(564,'Emalee','Vela','M.D.','Universidad Motolina del Pedregal','evelafn@narod.ru'),(565,'Erma','Moncreiffe','BA','Northern Virginia Community College','emoncreiffefo@freewebs.com'),(566,'Marrilee','Kern','BS','Southern University - New Orleans','mkernfp@prweb.com'),(567,'Rosana','Idle','MA','College of St. Mary','ridlefq@comsenz.com'),(568,'Caria','Tebbutt','MS','University of Chicago','ctebbuttfr@washington.edu'),(569,'Gusta','Mc Carroll','Ph.D.','University of Trinity College','gmccarrollfs@wikimedia.org'),(570,'Raviv','Peckitt','M.D.','Universidad de Len','rpeckittft@mlb.com'),(571,'Dallon','Giabucci','BA','Universidade Cruzeiro do Sul','dgiabuccifu@buzzfeed.com'),(572,'Melody','Sleep','BS','Universidade Tecnica de Angola','msleepfv@360.cn'),(573,'Charin','Pfeifer','MA','Feati University','cpfeiferfw@scribd.com'),(574,'Alwyn','Cooney','MS','Long Island University, Southampton College','acooneyfx@multiply.com'),(575,'Annabell','Gethins','Ph.D.','Universidade Federal de So Carlos','agethinsfy@admin.ch'),(576,'Susanne','McArthur','M.D.','Tohoku Fukushi University','smcarthurfz@sciencedirect.com'),(577,'Freeman','Philip','BA','Kitami Institute of Technology','fphilipg0@businesswire.com'),(578,'Valry','Brawson','BS','Fachhochschule Merseburg','vbrawsong1@hostgator.com'),(579,'Christiana','Cisar','MA','Jordan University of Science and Technology','ccisarg2@hp.com'),(580,'Shana','Cecely','MS','Universidad de San Buenaventura Medellin','scecelyg3@bing.com'),(581,'Niki','Benedtti','Ph.D.','Greenheart Medical School','nbenedttig4@uiuc.edu'),(582,'Ario','Jurek','M.D.','Universit Alioune Diop de Bambey','ajurekg5@psu.edu'),(583,'Thurstan','Heinlein','BA','National Chung Hsing University, Taipei','theinleing6@phpbb.com'),(584,'Crysta','Ludovico','BS','Universidad San Martin de Porres','cludovicog7@t.co'),(585,'Colet','Tardiff','MA','Help University College','ctardiffg8@ovh.net'),(586,'Holmes','Blooman','MS','Southwestern Oklahoma State University','hbloomang9@vimeo.com'),(587,'Kassia','Chazier','Ph.D.','Universidad de Tarapac','kchazierga@yahoo.com'),(588,'Aliza','Harlock','M.D.','Ahsanullah University of Science & Technology','aharlockgb@webeden.co.uk'),(590,'Coletta','Chyuerton','BS','Gomel State University Francisk Scarnia','cchyuertongd@about.me'),(591,'Libbie','Bernadot','MA','Pacific College of Oriental Medicine','lbernadotge@storify.com'),(592,'Rikki','Wathall','MS','British Columbia Open University','rwathallgf@time.com'),(593,'Tobe','Fairlie','Ph.D.','Amirkabir University of Technology','tfairliegg@opensource.org'),(594,'Neall','Treadger','M.D.','British Royal University','ntreadgergh@godaddy.com'),(595,'Bert','Natwick','BA','Dar al Hekma College','bnatwickgi@about.me'),(596,'April','Dundon','BS','Tokai Women\'s College','adundongj@boston.com'),(597,'Marlane','Greatbank','MA','Ecole Centrale de Nantes','mgreatbankgk@merriam-webster.com'),(598,'Chase','Sinncock','MS','University of Alaska - Fairbanks','csinncockgl@dedecms.com'),(599,'Adlai','Stringfellow','Ph.D.','University of Aleppo','astringfellowgm@go.com'),(600,'Fonsie','Londer','M.D.','Kyrgyz Turkish  Manas University','flondergn@berkeley.edu'),(602,'Melania','Binden','BS','Lakehead University','mbindengp@booking.com'),(604,'Allina','Loxdale','MS','Pennsylvania College of Optometry','aloxdalegr@smh.com.au'),(605,'Theo','Raleston','Ph.D.','Universitas Islam Riau','tralestongs@umn.edu'),(607,'Lucinda','Sponer','BA','University of Bohol','lsponergu@behance.net'),(608,'Carmelia','Phillcock','BS','Universidad de Huelva','cphillcockgv@sciencedirect.com'),(609,'Gillian','Garron','MA','York University','ggarrongw@bloglines.com'),(610,'Lou','Bayne','MS','Madonna University','lbaynegx@quantcast.com'),(612,'Colan','Barukh','M.D.','Victoria University','cbarukhgz@usa.gov'),(613,'Janine','Alloway','BA','Ecole Universitaire d\'Ingnieurs de Lille','jallowayh0@eepurl.com'),(614,'Vite','Verdie','BS','University of Lapland','vverdieh1@jalbum.net'),(616,'Muhammad','Nicholes','MS','Universidad Autnoma de Entre Ros','mnicholesh3@is.gd'),(617,'Saba','January','Ph.D.','International Budo University','sjanuaryh4@mayoclinic.com'),(619,'Tansy','Meardon','BA','Kobe Jogakuin University','tmeardonh6@sciencedirect.com'),(620,'Bernardina','O\' Concannon','BS','Chapman University','boconcannonh7@ed.gov'),(621,'Arielle','Heibl','MA','Henderson State Univerisity','aheiblh8@pinterest.com'),(622,'Van','Dysart','MS','Bluefield College','vdysarth9@japanpost.jp'),(623,'Northrup','Turnbull','Ph.D.','All Nations University College','nturnbullha@ucoz.ru'),(624,'Elwira','Piccop','M.D.','Takachiho University','epiccophb@prlog.org'),(625,'Merrel','MacDuffie','BA','Universitt des Saarlandes','mmacduffiehc@symantec.com'),(626,'Mada','Heifer','BS','University of Pardubice','mheiferhd@google.fr'),(627,'Freddy','Bwye','MA','Zanjan University of Medical Sciences','fbwyehe@cmu.edu'),(628,'Aurel','Kasperski','MS','Methodist College','akasperskihf@bravesites.com'),(629,'Rochette','Lars','Ph.D.','Miryang National University','rlarshg@wp.com'),(631,'Lyndsey','Grievson','BA','Southwest State University','lgrievsonhi@netvibes.com'),(632,'Rogers','Willets','BS','King Fahd Security College','rwilletshj@163.com'),(633,'Marylinda','Fisbey','MA','Campus Bio-Medico University of Rome','mfisbeyhk@engadget.com'),(634,'Broderic','Beck','MS','Universidad Metropolitana de Honduras','bbeckhl@ca.gov'),(635,'Tabitha','Spurnier','Ph.D.','Universidade Catlica de Petrpolis','tspurnierhm@freewebs.com'),(636,'Benedikta','Gasparro','M.D.','Belarussian State Agricultural Academy','bgasparrohn@diigo.com'),(637,'Kimberley','Guyver','BA','Emerson College','kguyverho@amazon.de'),(639,'Edward','Betchley','MA','Takoradi Polytechnic ','ebetchleyhq@webnode.com'),(640,'Juliette','Andino','MS','University of Huddersfield','jandinohr@auda.org.au'),(641,'Guntar','Padillo','Ph.D.','Harbin Institute of Technology','gpadillohs@upenn.edu'),(642,'Gregoire','Twomey','M.D.','Michael Okpara University of Agriculture','gtwomeyht@cargocollective.com'),(643,'Annadiana','Boles','BA','Shandong Agricultural University','aboleshu@networkadvertising.org'),(644,'Charlene','Magne','BS','Fachhochschule Mainz','cmagnehv@china.com.cn'),(645,'Diego','Wayne','MA','Berhampur University','dwaynehw@forbes.com'),(647,'Robinet','Larsen','Ph.D.','Life Chiropractic College West','rlarsenhy@ovh.net'),(648,'Casey','Abele','M.D.','Majmaah University','cabelehz@flickr.com'),(649,'Tera','Harmon','BA','Loughborough University','tharmoni0@domainmarket.com'),(650,'Maddie','Whalley','BS','European Business School','mwhalleyi1@cargocollective.com'),(651,'Zelda','Domenichelli','MA','Universidade de Mogi das Cruzes','zdomenichellii2@amazon.co.uk'),(652,'Kelcy','Fearne','MS','Western New England College','kfearnei3@rakuten.co.jp'),(653,'Giovanni','MacKibbon','Ph.D.','Universidade Catolica Portuguesa','gmackibboni4@github.io'),(654,'Silvana','Lattka','M.D.','University of Eastern Philippines','slattkai5@hibu.com'),(655,'Alejoa','Sherburn','BA','Wayamba University of Sri Lanka ','asherburni6@salon.com'),(656,'Bobine','McKie','BS','Universitt Bremen','bmckiei7@phpbb.com'),(657,'Blinnie','Sleeman','MA','Haramaya University','bsleemani8@elpais.com'),(658,'Merwyn','Springle','MS','Universidad de Panam','mspringlei9@rambler.ru'),(659,'Forrest','France','Ph.D.','Roger Williams University','ffranceia@cdc.gov'),(660,'Carlotta','Noad','M.D.','Goshen College','cnoadib@spotify.com'),(661,'Morganica','Mazin','BA','Calvary Bible College','mmazinic@prnewswire.com'),(662,'Marsiella','Goude','BS','Universit du Sahel','mgoudeid@eventbrite.com'),(663,'Pedro','Beadell','MA','China University of Geoscience Beijing','pbeadellie@blogtalkradio.com'),(664,'Crin','Dacres','MS','Musashino Academy of Music','cdacresif@infoseek.co.jp'),(665,'My','Turri','Ph.D.','Koc University','mturriig@scientificamerican.com'),(666,'Andres','Kerwin','M.D.','Higher School of Psychology','akerwinih@newsvine.com'),(667,'Marcellina','McLugaish','BA','Kazak American University','mmclugaishii@economist.com'),(668,'Ailee','Flounders','BS','Catholic University of Taegu-Hyosung','afloundersij@huffingtonpost.com'),(669,'Beatrice','Fradson','MA','University of Milan','bfradsonik@uiuc.edu'),(670,'Mirelle','Birk','MS','Universitas Muhammadiyah Makassar','mbirkil@acquirethisname.com'),(671,'Aloysius','Howland','Ph.D.','University of South Asia','ahowlandim@rambler.ru'),(672,'Rozanna','Falkous','M.D.','Fachhochschule Jena','rfalkousin@clickbank.net'),(673,'Alys','Slowcock','BA','Bauman Moscow State Technical University','aslowcockio@t-online.de'),(674,'Kendra','Demcak','BS','KDI School of Public Policy and Management','kdemcakip@auda.org.au'),(675,'Ilka','Pococke','MA','Walla Walla College','ipocockeiq@phpbb.com'),(676,'Albina','Bruun','MS','Brewton-Parker College','abruunir@meetup.com'),(677,'Alix','Caplen','Ph.D.','NAES College','acaplenis@apache.org'),(678,'Wanda','Tedstone','M.D.','Islamic Azad University, Bojnourd','wtedstoneit@wired.com'),(679,'Zacharias','Plose','BA','Ahlulbait International University','zploseiu@examiner.com'),(680,'Phillipp','Tyres','BS','University of Mustansiriyah','ptyresiv@java.com'),(681,'Alec','Kiff','MA','Ecole Suprieure de Commerce de Reims','akiffiw@flickr.com'),(682,'Krishna','Kersting','MS','Aksum University','kkerstingix@deliciousdays.com'),(683,'Kacie','Igglesden','Ph.D.','York College Nebraska','kigglesdeniy@examiner.com'),(684,'Fred','Krabbe','M.D.','Fachhochschule Salzburg','fkrabbeiz@rediff.com'),(685,'Pippy','Bucher','BA','University of the West Indies, Cave Hill','pbucherj0@csmonitor.com'),(686,'Fawn','Bernolet','BS','University of Leicester','fbernoletj1@ifeng.com'),(687,'Ignace','Awty','MA','Park College','iawtyj2@deviantart.com'),(688,'Maible','Gatward','MS','Firat (Euphrates) University','mgatwardj3@aol.com'),(689,'Theodora','Wrixon','Ph.D.','Rasmussen College, North Dakota Campuses','twrixonj4@utexas.edu'),(690,'Garfield','Fencott','M.D.','University \"Titu Maiorescu\"\"\"','gfencottj5@fc2.com'),(691,'Sharia','Vermer','BA','Sir Syed Institute Of Technology Islamabad','svermerj6@studiopress.com'),(692,'Herbie','Wytchard','BS','Florida University of Medicine','hwytchardj7@yellowbook.com'),(693,'Felita','Rihosek','MA','Qafqaz University','frihosekj8@scientificamerican.com'),(695,'Tybalt','Branscombe','Ph.D.','Philippine Normal University','tbranscombeja@boston.com'),(696,'Elset','Offill','M.D.','Universidad Capitain General Gerardo Barrios','eoffilljb@usatoday.com'),(698,'Annissa','Le Fleming','BS','University of South Carolina - Salkehatchie','aleflemingjd@creativecommons.org'),(699,'Vina','Woodson','MA','Universidad de San Miguel','vwoodsonje@gmpg.org'),(700,'Woodrow','Ibarra','MS','Western State University College of Law','wibarrajf@bloglines.com'),(701,'Montgomery','Giacomi','Ph.D.','Omar Al-Mukhtar University','mgiacomijg@webeden.co.uk'),(702,'Weston','Hayden','M.D.','Universidad Panamericana','whaydenjh@sciencedirect.com'),(703,'Phillida','Gothard','BA','Prague International University','pgothardji@washington.edu'),(704,'Mellie','Bister','BS','University of Charleston','mbisterjj@jimdo.com'),(706,'Nealson','Martinson','MS','University of Northern British Columbia','nmartinsonjl@webmd.com'),(707,'Anatola','Salmons','Ph.D.','University of Central Texas','asalmonsjm@sun.com'),(709,'Jazmin','Tremathick','BA','University of Connecticut','jtremathickjo@networksolutions.com'),(710,'Robby','Habbal','BS','Ghazni University','rhabbaljp@sohu.com'),(712,'Shirley','Condell','MS','University of Zululand','scondelljr@foxnews.com'),(713,'May','Stiven','Ph.D.','Universidad Autnoma de Baja California','mstivenjs@deliciousdays.com'),(714,'Brinna','Kilfeather','M.D.','Curry College','bkilfeatherjt@utexas.edu'),(715,'Giuditta','Vinnicombe','BA','Hachinohe University','gvinnicombeju@ustream.tv'),(716,'Amata','Leall','BS','Universidad Internacional de Andaluca','alealljv@mozilla.org'),(717,'Luciana','Lehrer','MA','University of Aizu','llehrerjw@dion.ne.jp'),(719,'Jessey','Byfield','Ph.D.','Universidade Estadual do Vale do Acara','jbyfieldjy@bigcartel.com'),(720,'Conny','Cabera','M.D.','Universitas Mercu Buana','ccaberajz@mayoclinic.com'),(721,'Archibaldo','Nevitt','BA','Saint Ferdinand College','anevittk0@chronoengine.com'),(722,'Alaster','Mannooch','BS','Technological Education Institute of Kalamata','amannoochk1@domainmarket.com'),(723,'Pip','Jozsef','MA','Tokyo University of Foreign Studies','pjozsefk2@va.gov'),(725,'Chrysler','Buckam','Ph.D.','Eastern Conservatory of Music','cbuckamk4@netscape.com'),(726,'Perle','Tallquist','M.D.','Schiller International University, Heidelberg','ptallquistk5@hostgator.com'),(727,'Lyle','Shevell','BA','Tokyo Dental College','lshevellk6@intel.com'),(728,'Noelle','Stirrip','BS','Sankei University','nstirripk7@ibm.com'),(729,'Stern','Kahane','MA','Primier International University Perak','skahanek8@edublogs.org'),(730,'Johnette','Staveley','MS','University of Amsterdam','jstaveleyk9@webeden.co.uk'),(731,'James','Beebe','Ph.D.','Universidad Anhuac del Sur','jbeebeka@unesco.org'),(732,'Fayette','Yusupov','M.D.','Al Hussein Bin Talal University','fyusupovkb@behance.net'),(733,'Selig','Powder','BA','Universidad Nacional del Sur','spowderkc@e-recht24.de'),(734,'Antone','Tremollet','BS','Texas Tech University','atremolletkd@cmu.edu'),(735,'Ricky','Aldwick','MA','Universidad Nuevo Mundo','raldwickke@walmart.com'),(736,'Pyotr','Sollner','MS','Changsha University of Electric Power','psollnerkf@simplemachines.org'),(737,'Rochelle','Lapwood','Ph.D.','Stetson University','rlapwoodkg@parallels.com'),(738,'Fulton','Kemmet','M.D.','Arab Academy for Science & Technology','fkemmetkh@shinystat.com'),(739,'Randee','Cozens','BA','Kerman Graduate University of Technology','rcozenski@people.com.cn'),(740,'Arlie','Bault','BS','Universidad del Noroeste','abaultkj@hexun.com'),(741,'Chevy','Carlino','MA','College of St. Elizabeth','ccarlinokk@springer.com'),(742,'Kiele','Camilletti','MS','Millersville University of Pennsylvania','kcamillettikl@ft.com'),(743,'Trudey','Hartup','Ph.D.','Universit Shalom de Bunia','thartupkm@uiuc.edu'),(744,'Edna','Trahar','M.D.','Samara State Aerospace University','etraharkn@earthlink.net'),(745,'Burch','Lacasa','BA','Union University','blacasako@liveinternet.ru'),(746,'Freeland','Altham','BS','Universidad de Len','falthamkp@irs.gov'),(747,'Rhona','Sievewright','MA','Florida State University','rsievewrightkq@cam.ac.uk'),(748,'Cheryl','Chateau','MS','Hillsdale College','cchateaukr@mozilla.com'),(749,'Elwyn','Lowings','Ph.D.','New Hampshire College','elowingsks@sina.com.cn'),(750,'Lew','Blaksley','M.D.','Bamiyan University','lblaksleykt@imdb.com'),(751,'Lita','Rielly','BA','University of Shiga Prefecture','lriellyku@tiny.cc'),(752,'Cecil','Caudell','BS','Universidad Bellas Artes','ccaudellkv@java.com'),(753,'Nickolai','Skirvane','MA','Anna Maria College','nskirvanekw@apache.org'),(754,'Hector','Esbrook','MS','Universidade Federal de Juiz de Fora','hesbrookkx@example.com'),(755,'Brenna','Skippon','Ph.D.','Escola Superior de Artes e Design','bskipponky@i2i.jp'),(756,'Harriet','Van Son','M.D.','Tashkent State University of Oriental Studies','hvansonkz@zdnet.com'),(757,'Lavena','Shackel','BA','Valahia University of Targoviste','lshackell0@sphinn.com'),(758,'Thadeus','Stainbridge','BS','Florida Community College at Jacksonville','tstainbridgel1@sakura.ne.jp'),(759,'Elsinore','Melburg','MA','Wayamba University of Sri Lanka ','emelburgl2@digg.com'),(760,'Kip','Rayner','MS','Universidad Central del Caribe','kraynerl3@cloudflare.com'),(761,'Clare','Gipp','Ph.D.','Universidad Nacional de la Patagonia Austral','cgippl4@dropbox.com'),(762,'Mona','Ambrodi','M.D.','Pakistan Virtual University','mambrodil5@dedecms.com'),(763,'Oren','Fawks','BA','Osaka University','ofawksl6@utexas.edu'),(764,'Gustave','Gianetti','BS','Universidad San Francisco Xavier','ggianettil7@home.pl'),(766,'Halette','Palombi','MS','Abubakar Tafawa Balewa University','hpalombil9@hostgator.com'),(767,'Chico','Damarell','Ph.D.','Universidad Jos Antonio Pez','cdamarellla@amazon.co.uk'),(769,'Kare','Flury','BA','Aga Khan University','kflurylc@desdev.cn'),(770,'Fleur','Welburn','BS','Universitat Oberta de Catalunya','fwelburnld@cbsnews.com'),(771,'Keriann','Matt','MA','Maryam Institute of Higher Education','kmattle@dmoz.org'),(772,'Hazlett','Heliot','MS','University of Opole','hheliotlf@last.fm'),(773,'Timmie','Hails','Ph.D.','Chelsea College of Art and Design','thailslg@salon.com'),(774,'Cathi','De Francesco','M.D.','Niigata University of Management','cdefrancescolh@springer.com'),(775,'Rickie','Gyles','BA','Narsee Monjee Institute of Management Studies','rgylesli@soup.io'),(776,'Cynthia','Standon','BS','Kendall College of Art and Design','cstandonlj@arizona.edu'),(777,'Christa','Frostdicke','MA','Mercer University, Cecil B. Day Campus','cfrostdickelk@oracle.com'),(779,'Mireille','Goodchild','Ph.D.','Yamagata University','mgoodchildlm@shop-pro.jp'),(780,'Bridie','Cash','M.D.','Universidad Eugenio Maria de Hostos','bcashln@etsy.com'),(781,'Englebert','Cannaway','BA','Technological Education Institute of Larissa','ecannawaylo@t-online.de'),(782,'Dallis','Bysouth','BS','Rezekne Higher School','dbysouthlp@newyorker.com'),(783,'Poul','Belcham','MA','Seoul National University','pbelchamlq@economist.com'),(784,'Ansell','Francois','MS','Universit de Kairouan','afrancoislr@icq.com'),(785,'Nollie','Scholl','Ph.D.','Kokand State Pedagogical Institute','nschollls@hhs.gov'),(786,'Prudi','Borless','M.D.','National College of Ireland','pborlesslt@cbc.ca'),(787,'Melisa','Collinwood','BA','Manchester College','mcollinwoodlu@gravatar.com'),(789,'Joyce','Petranek','MA','Azerbaijan University','jpetraneklw@si.edu'),(790,'Teddie','Skarin','MS','Universit de Douala','tskarinlx@technorati.com'),(791,'Sloane','Dunbobin','Ph.D.','Chang Jung University','sdunbobinly@oracle.com'),(792,'Rhonda','Larcombe','M.D.','University of Dallas','rlarcombelz@craigslist.org'),(793,'Kariotta','MacMenemy','BA','Universit Vincennes Saint-Denis (Paris VIII)','kmacmenemym0@fda.gov'),(794,'Jessie','Simmon','BS','Universidad Jurez Autnoma de Tabasco','jsimmonm1@washingtonpost.com'),(795,'Reube','Phipps','MA','Vilnius Pedagogical University','rphippsm2@etsy.com'),(796,'Hogan','Bradneck','MS','China Foreign Affairs University','hbradneckm3@jimdo.com'),(797,'Carlo','Walding','Ph.D.','Estonian Academy of Security Sciences','cwaldingm4@lycos.com'),(798,'Giacinta','Suston','M.D.','Sabaragamuwa University of Sri Lanka','gsustonm5@merriam-webster.com'),(799,'Nicoli','Sotheby','BA','St. Augustine University of Tanzania','nsothebym6@sbwire.com'),(800,'Joscelin','Wooler','BS','Bogor Agricultural University','jwoolerm7@dailymail.co.uk'),(801,'Peyton','Pentercost','MA','Lubbock Christian University','ppentercostm8@businessinsider.com'),(802,'Kasey','Laffin','MS','Universitas Gadjah Mada','klaffinm9@spiegel.de'),(803,'Cordie','Ashwin','Ph.D.','Southern University - Baton Rouge','cashwinma@huffingtonpost.com'),(804,'Lamond','Flooks','M.D.','John Wesley College','lflooksmb@github.com'),(805,'Cassandry','O\'Loughlin','BA','Daystar University','coloughlinmc@npr.org'),(806,'Corella','Safe','BS','Northwestern University','csafemd@unesco.org'),(807,'Shara','Goldfinch','MA','University of Moncton, Shippagan','sgoldfinchme@ted.com'),(808,'Geordie','Helks','MS','Fuji Women\'s College','ghelksmf@archive.org'),(810,'Charyl','Tschirasche','M.D.','Baylor University','ctschiraschemh@360.cn'),(811,'Marcelia','MacMenamie','BA','Instituto Tecnolgico de Celaya','mmacmenamiemi@artisteer.com'),(812,'Rafael','Vidyapin','BS','Taejon University','rvidyapinmj@constantcontact.com'),(814,'Joel','Demead','MS','Sumgait State University','jdemeadml@amazon.co.jp'),(815,'Nestor','Dechelle','Ph.D.','Presbyterian University College','ndechellemm@yellowbook.com'),(816,'Arlen','Gentle','BA','St. John\'s College New Mexico','agentlemn@goo.gl'),(817,'Dom','Harce','BS','University of Oklahoma','dharcemo@omniture.com'),(819,'Idell','Baitey','MS','Universidad Andina Simn Bolvar','ibaiteymq@wikispaces.com'),(820,'Aubrey','Shafto','Ph.D.','Central Institute of Higher Tibetan Studies','ashaftomr@newsvine.com'),(821,'Scott','Algie','M.D.','Providence College','salgiems@businessinsider.com'),(822,'Lisha','Cudiff','BA','Esztergom Theological College','lcudiffmt@zdnet.com'),(824,'Woodie','McElane','MA','Arkansas State University, Newport','wmcelanemv@google.com'),(825,'Vale','Lyvon','MS','Muroran Institute of Technology','vlyvonmw@joomla.org'),(826,'Ashley','Klimke','Ph.D.','Islamic Azad University, Saveh','aklimkemx@epa.gov'),(827,'Trevar','Dach','M.D.','Brjansk State Technical University','tdachmy@51.la'),(828,'Orlando','Maddyson','BA','Arkansas State University, Beebe','omaddysonmz@newyorker.com'),(829,'Ardelia','Gueny','BS','College of Telecommunication & Information ','aguenyn0@example.com'),(830,'Margette','Weben','MA','Ajman University of Science & Technology','mwebenn1@fda.gov'),(831,'Jewell','Lyst','MS','Universidad de Crdoba','jlystn2@devhub.com'),(832,'Bellina','Guy','Ph.D.','Universidad Nacional de San Luis','bguyn3@nbcnews.com'),(833,'Hardy','Shiel','M.D.','Kerman Graduate University of Technology','hshieln4@ovh.net'),(834,'Rand','Kondratenko','BA','University of Houston, Victoria','rkondratenkon5@51.la'),(835,'Kath','Rushbrook','BS','Ecole Polytechnique','krushbrookn6@timesonline.co.uk'),(837,'Standford','Challoner','MS','Universidad Rey Juan Carlos','schallonern8@chicagotribune.com'),(838,'Chandal','Bayley','Ph.D.','Framingham State College','cbayleyn9@free.fr'),(839,'Jehanna','Antrim','M.D.','University of Pretoria','jantrimna@hibu.com'),(840,'Melanie','Kimpton','BA','St. Mary\'s University of Minnesota','mkimptonnb@jalbum.net'),(841,'Nahum','Chatten','BS','Slippery Rock University','nchattennc@mit.edu'),(842,'Minda','Longbottom','MA','Centre College','mlongbottomnd@barnesandnoble.com'),(844,'Charita','Kegley','Ph.D.','Yamaguchi University','ckegleynf@dion.ne.jp'),(845,'Xever','Norrey','M.D.','Singapore Institute of Management (SIM)','xnorreyng@surveymonkey.com'),(846,'Stefania','Kick','BA','University of the Philippines Manila','skicknh@vimeo.com'),(847,'Garek','Oxer','BS','European Business School','goxerni@istockphoto.com'),(848,'Abbye','Hayward','MA','Universidad Internacional de las Amricas','ahaywardnj@google.ca'),(849,'Sigrid','Mitcham','MS','Alfred Adler Graduate School','smitchamnk@about.com'),(851,'Bree','Brodhead','M.D.','Qom University of Technology','bbrodheadnm@hp.com'),(852,'Bee','Hollyar','BA','Deutsche Telekom Fachhochschule Leipzig','bhollyarnn@narod.ru'),(853,'Marley','Manhare','BS','Universidad Internacional del Ecuador','mmanhareno@youtu.be'),(854,'Yettie','Dryden','MA','University of the Sacred Heart Tokyo','ydrydennp@ucoz.com'),(855,'Isabelita','Carmel','MS','East Stroudsburg State University','icarmelnq@microsoft.com'),(857,'Laurette','Heddan','M.D.','Fasa Faculty of Medical Sciences','lheddanns@umn.edu'),(858,'Wendi','Gawthrop','BA','Universitas Islam Riau','wgawthropnt@cyberchimps.com'),(859,'Paton','Mullaney','BS','Andrews University','pmullaneynu@reference.com'),(860,'Gerianne','Prendergast','MA','University of Zululand','gprendergastnv@archive.org'),(861,'Robb','Stigell','MS','Universidad Estatal de Bolvar','rstigellnw@smugmug.com'),(862,'Jerad','Rubenov','Ph.D.','Taganrog State University of Radioengineering','jrubenovnx@miibeian.gov.cn'),(863,'Eloise','Rysdale','M.D.','Salam University','erysdaleny@so-net.ne.jp'),(864,'Sharl','Enrdigo','BA','B.P.Koirala Institute of Health Sciences','senrdigonz@ed.gov'),(865,'Neala','Opdenorth','BS','Simon\'s Rock College','nopdenortho0@google.es'),(866,'Rozalie','Goose','MA','Oregon Institute of Technology','rgooseo1@google.ru'),(867,'Iver','Livingstone','MS','Xinjiang Normal University','ilivingstoneo2@bravesites.com'),(868,'Roxine','Joppich','Ph.D.','Himeji Dokkyo University','rjoppicho3@mapquest.com'),(869,'Biddy','Hawley','M.D.','Universitt der Bundeswehr Hamburg','bhawleyo4@artisteer.com'),(870,'Buiron','Leband','BA','Kyambogo University','blebando5@last.fm'),(871,'Ottilie','Jaszczak','BS','Institut Teknologi Sepuluh Nopember','ojaszczako6@sphinn.com'),(872,'Fancy','Danilyuk','MA','Philadelphia University','fdanilyuko7@vk.com'),(873,'Alisander','Middup','MS','Karpagam University','amiddupo8@zimbio.com'),(874,'Michaella','O\'Garmen','Ph.D.','University of Papua New Guinea','mogarmeno9@ow.ly'),(875,'Dian','Conring','M.D.','Nagaoka University of Technology','dconringoa@facebook.com'),(876,'Kettie','Pettingall','BA','Novosibirsk State Music Academy M. Glinka','kpettingallob@comsenz.com'),(877,'Grannie','Snooks','BS','University of Mustansiriyah','gsnooksoc@forbes.com'),(878,'Bartolomeo','Dalby','MA','Ashland University','bdalbyod@japanpost.jp'),(879,'Rosaleen','Boscher','MS','Link Campus University of Malta','rboscheroe@google.com'),(880,'Sly','Bereford','Ph.D.','Louisiana State University in Shreveport','sberefordof@github.com'),(881,'Timothy','Vuitte','M.D.','The Interdisciplinary Center Herzliya','tvuitteog@whitehouse.gov'),(882,'Miles','Greendale','BA','Harbin University of Science and Technology','mgreendaleoh@yandex.ru'),(884,'Mahmoud','Soppit','MA','Yerevan Haibusak University','msoppitoj@amazon.de'),(885,'Vernor','Genge','MS','Faculdades Integradas UPIS','vgengeok@mlb.com'),(886,'Page','Formigli','Ph.D.','Carthage College','pformigliol@google.com.hk'),(887,'Morna','Duker','M.D.','Concordia University, Mequon','mdukerom@woothemes.com'),(888,'Gunner','Paterno','BA','Arab Open University','gpaternoon@weibo.com'),(889,'Aurelea','Keiley','BS','Chongqing Technology and Business University','akeileyoo@diigo.com'),(890,'Merla','Kerbler','MA','Sampurnanand Sanskrit University','mkerblerop@techcrunch.com'),(891,'Sena','Matyushkin','MS','Tokyo University','smatyushkinoq@youtu.be'),(892,'Ken','Jeandillou','Ph.D.','YPC-iTWEB College','kjeandillouor@mozilla.com'),(893,'Ibby','Sparke','M.D.','St. John\'s University','isparkeos@google.com.au'),(894,'Silvana','Gilding','BA','Anderson University','sgildingot@google.com.au'),(896,'Eada','Quant','MA','Northeast Normal University','equantov@xing.com'),(897,'Doug','Celloni','MS','ITT Technical Institute Maitland','dcelloniow@tripod.com'),(900,'Corilla','Sams','BA','Quest University','csamsoz@usnews.com'),(901,'Jaye','Kiehnlt','BS','Toyo University','jkiehnltp0@sohu.com'),(902,'Mirabella','Van den Hof','MA','Athlone Institute of Technology','mvandenhofp1@blogger.com'),(903,'Hasheem','Spreadbury','MS','Park College','hspreadburyp2@fc2.com'),(904,'Wynne','Graeber','Ph.D.','Universidad Veracruzana','wgraeberp3@hao123.com'),(905,'Calida','Duce','M.D.','University of Southern Mindanao','cducep4@sciencedirect.com'),(906,'Daryl','Witten','BA','Kazak American University','dwittenp5@wunderground.com'),(907,'Nellie','Avraham','BS','Ho Chi Minh City University of Technology','navrahamp6@ocn.ne.jp'),(909,'Bartram','Rangeley','MS','Lake Forest College','brangeleyp8@youku.com'),(910,'Hardy','Dust','Ph.D.','Universidade Federal de Roraima','hdustp9@sphinn.com'),(911,'Zahara','Parkeson','M.D.','International University College','zparkesonpa@fc2.com'),(913,'Annadiana','Davis','BS','Arab Open University, Kuwait Branch','adavispc@ameblo.jp'),(914,'Sonnie','Featherstonehaugh','MA','Ateneo de Naga University','sfeatherstonehaughpd@php.net'),(915,'Calypso','McCrone','MS','Universidad Tcnica de Oruro','cmccronepe@csmonitor.com'),(916,'Meredith','Novkovic','Ph.D.','Universidad Central','mnovkovicpf@skyrock.com'),(917,'Jere','Tippler','M.D.','DeVry Institute of Technology, DuPage','jtipplerpg@indiatimes.com'),(919,'Mina','Kearsley','BS','Wollega University','mkearsleypi@tripod.com'),(920,'Ansley','Dalglish','MA','Hirosaki Gakuin University','adalglishpj@scribd.com'),(921,'Janos','Faley','MS','Brunswick Community College','jfaleypk@cisco.com'),(922,'Sonja','Knoton','Ph.D.','Chonbuk National University','sknotonpl@wikispaces.com'),(923,'Berget','Sirmond','M.D.','Instituto Tecnolgico de Quertaro','bsirmondpm@wikia.com'),(924,'Codee','Fernez','BA','Howard Payne University','cfernezpn@ustream.tv'),(925,'Lemuel','Veazey','BS','University of Sharjah','lveazeypo@so-net.ne.jp'),(926,'Laurella','Kraft','MA','Universitt Rostock','lkraftpp@yandex.ru'),(927,'Suzanna','Flindall','MS','Air University','sflindallpq@biglobe.ne.jp'),(928,'Nanon','Folli','Ph.D.','National University of Food Technologies','nfollipr@techcrunch.com'),(929,'Linoel','Riddich','M.D.','St. Meinrad College','lriddichps@netscape.com'),(930,'Cynde','Kliemke','BA','Lamar University','ckliemkept@elpais.com'),(932,'Uriah','Eayres','MA','University of Lusaka','ueayrespv@amazon.co.uk'),(933,'Zared','Grinyov','MS','Nagoya College of Music','zgrinyovpw@npr.org'),(934,'Seline','Gaskin','Ph.D.','DeVry Institute of Technology, Irving','sgaskinpx@java.com'),(935,'Revkah','Swatheridge','M.D.','Tokai Gakuen University','rswatheridgepy@mapy.cz'),(936,'Elmira','Snowdon','BA','Universitas Katolik Indonesia Atma Jaya','esnowdonpz@upenn.edu'),(938,'Brigitta','Seathwright','MA','Tokyo Institute of Polytechnics','bseathwrightq1@adobe.com'),(940,'Arabel','Sacks','Ph.D.','Saitama Medical School','asacksq3@cpanel.net'),(941,'Stormy','Gulvin','M.D.','Nirma University','sgulvinq4@cdbaby.com'),(942,'Guthrie','Mogie','BA','College of Visual Arts','gmogieq5@vinaora.com'),(943,'Dorine','Backen','BS','Edinboro University of Pennsylvania','dbackenq6@utexas.edu'),(944,'Yuri','Lucian','MA','Evangelische Theologische Faculteit, Leuven','ylucianq7@pbs.org'),(945,'Ernesta','Twinn','MS','Institut Suprieur d\'Agriculture Lille','etwinnq8@ovh.net'),(946,'Helena','Richarz','Ph.D.','Nile Valley University','hricharzq9@walmart.com'),(947,'Justis','Maslin','M.D.','Lingnan University','jmaslinqa@ebay.com'),(948,'Leanora','Sasser','BA','Universidad Tcnica de Manab','lsasserqb@delicious.com'),(949,'Lucius','Fullylove','BS','Eastern University','lfullyloveqc@barnesandnoble.com'),(950,'Arluene','Tuckley','MA','Manhattan College','atuckleyqd@ox.ac.uk'),(951,'Riley','Clemo','MS','Kuvempu University','rclemoqe@usa.gov'),(952,'Griffin','Lamborne','Ph.D.','University of St. Francis','glamborneqf@time.com'),(953,'Sonni','Grunder','M.D.','Janos Selye University','sgrunderqg@networksolutions.com'),(954,'Deane','Meadway','BA','Columbia International University','dmeadwayqh@marketwatch.com'),(955,'Keenan','Ratter','BS','Dire Dawa University','kratterqi@symantec.com'),(956,'Ronni','Shuxsmith','MA','University of Patras','rshuxsmithqj@blog.com'),(957,'Alyda','Mitchall','MS','Tokai Gakuen University','amitchallqk@netlog.com'),(959,'Roana','Hamly','M.D.','Shepherd College','rhamlyqm@smh.com.au'),(961,'Maddy','Hickford','BS','Katharine Gibbs School','mhickfordqo@senate.gov'),(962,'Johnath','Edgley','MA','Centre College','jedgleyqp@topsy.com'),(963,'Lisbeth','Coop','MS','Universit de Ngaoundr','lcoopqq@examiner.com'),(964,'Chauncey','Hayball','Ph.D.','London College of Science & Technology','chayballqr@state.gov'),(965,'Christoper','Garmston','M.D.','Slippery Rock University','cgarmstonqs@patch.com'),(966,'Gan','Colbeck','BA','Texas Tech University','gcolbeckqt@wix.com'),(967,'Terrye','Davy','BS','Tokyo University of Pharmacy and Life Science','tdavyqu@wisc.edu'),(968,'Gayleen','Burness','MA','Ivanovo State Textile Academy','gburnessqv@forbes.com'),(969,'Randi','Selway','MS','Duksung Women\'s University','rselwayqw@spotify.com'),(970,'Anet','Bassill','Ph.D.','Hainan Normal University','abassillqx@mozilla.org'),(971,'Ileane','Rowlinson','M.D.','Universidad ORT Uruguay','irowlinsonqy@privacy.gov.au'),(972,'Karon','Orleton','BA','Yorker International University','korletonqz@g.co'),(973,'Valina','Bradford','BS','Universit de Lige','vbradfordr0@cpanel.net'),(974,'Tally','Veasey','MA','University of Applied Sciences Basel (FHBB )','tveaseyr1@qq.com'),(975,'Reagan','Glascott','MS','University of Portharcourt','rglascottr2@t-online.de'),(977,'Shermie','Latliff','M.D.','Northcentral University','slatliffr4@blogger.com'),(978,'Ray','Izaac','BA','Conservatoire National des Arts et Mtiers','rizaacr5@google.com'),(979,'Dulcinea','Burr','BS','New York University','dburrr6@youtu.be'),(980,'Price','Iori','MA','New York School of Interior Design','piorir7@nytimes.com'),(981,'Hervey','Karlicek','MS','Kocaeli University','hkarlicekr8@businessinsider.com'),(982,'Fabio','Dancy','Ph.D.','Universidad Metropolitana de Asuncin','fdancyr9@jiathis.com'),(983,'Bing','Ketcher','M.D.','Music Academy \"Karol Lipinski\"\" in Wroclaw\"','bketcherra@nhs.uk'),(984,'Katlin','Toye','BA','Faculdades Integradas Curitiba','ktoyerb@cdc.gov'),(985,'Manuel','Antuoni','BS','National Defence Medical College','mantuonirc@state.gov'),(986,'Sophia','Lyster','MA','The Manchester Metropolitan University','slysterrd@java.com'),(987,'Harp','Kembrey','MS','Universidad Salesiana de Bolivia','hkembreyre@godaddy.com'),(988,'Dallon','Bennoe','Ph.D.','Ecole Nationale Suprieure des Mines de Douai','dbennoerf@fotki.com'),(989,'Daphne','Kernley','M.D.','Saga Medical School','dkernleyrg@phoca.cz'),(990,'Cammy','Selbach','BA','Universidad Jos Maria Vargas','cselbachrh@europa.eu'),(991,'Jen','Cowan','BS','Mangalore University','jcowanri@princeton.edu'),(992,'Kassey','Charman','MA','Pdagogische Hochschule Karlsruhe','kcharmanrj@hugedomains.com'),(993,'Wyatan','Parnall','MS','Vidyasagar University','wparnallrk@globo.com'),(994,'Trace','Rissen','Ph.D.','Detroit College of Business','trissenrl@wsj.com'),(995,'Joyous','Ebbotts','M.D.','Maharishi University of Management','jebbottsrm@auda.org.au'),(996,'Pincus','Cattlow','BA','Alhosn University','pcattlowrn@bing.com'),(997,'Kalindi','Minchinden','BS','Lillehammer University College','kminchindenro@discuz.net'),(998,'Fred','Mathias','MA','Towson University','fmathiasrp@wordpress.org'),(999,'Creighton','Maguire','MS','University of Evansville','cmaguirerq@odnoklassniki.ru'),(1000,'Sharl','Falconar','Ph.D.','Global Open University , Nagaland','sfalconarrr@psu.edu');
/*!40000 ALTER TABLE `authors` ENABLE KEYS */;
UNLOCK TABLES;

--
-- Table structure for table `citations`
--

DROP TABLE IF EXISTS `citations`;
/*!40101 SET @saved_cs_client     = @@character_set_client */;
/*!40101 SET character_set_client = utf8 */;
CREATE TABLE `citations` (
  `paper_id` int(11) NOT NULL,
  `cited_paper_id` int(11) NOT NULL,
  PRIMARY KEY (`paper_id`,`cited_paper_id`),
  KEY `cited_paper_id_fk_idx` (`cited_paper_id`),
  CONSTRAINT `cited_paper_id_fk` FOREIGN KEY (`cited_paper_id`) REFERENCES `papers` (`paper_id`) ON DELETE CASCADE ON UPDATE NO ACTION,
  CONSTRAINT `paper_id_fk` FOREIGN KEY (`paper_id`) REFERENCES `papers` (`paper_id`) ON DELETE CASCADE ON UPDATE NO ACTION
) ENGINE=InnoDB DEFAULT CHARSET=utf8;
/*!40101 SET character_set_client = @saved_cs_client */;

--
-- Dumping data for table `citations`
--

LOCK TABLES `citations` WRITE;
/*!40000 ALTER TABLE `citations` DISABLE KEYS */;
INSERT INTO `citations` VALUES (433,1),(782,2),(69,3),(70,3),(340,3),(133,7),(79,8),(242,11),(280,11),(430,12),(395,14),(621,14),(26,15),(163,15),(642,15),(646,15),(463,16),(312,17),(473,18),(954,19),(496,20),(809,22),(662,25),(616,26),(722,26),(518,27),(235,28),(391,31),(205,32),(200,33),(366,33),(516,34),(455,36),(966,36),(158,38),(773,38),(904,41),(757,43),(607,44),(160,46),(166,48),(346,50),(555,50),(869,50),(750,52),(615,53),(695,53),(436,54),(361,55),(136,56),(459,56),(526,56),(76,57),(483,57),(656,61),(104,63),(967,64),(533,67),(59,69),(884,70),(72,71),(748,72),(29,73),(290,73),(836,75),(164,77),(603,77),(894,77),(34,79),(780,79),(140,80),(382,84),(114,85),(532,86),(632,86),(955,86),(135,87),(300,87),(418,88),(461,91),(677,91),(565,93),(985,93),(830,94),(743,96),(334,97),(659,99),(797,101),(245,103),(415,103),(310,104),(601,105),(14,106),(558,106),(791,107),(657,108),(151,109),(910,112),(568,114),(238,115),(333,115),(704,115),(559,118),(673,118),(871,118),(996,118),(188,121),(469,121),(227,123),(385,124),(576,124),(973,124),(458,125),(692,126),(667,127),(919,127),(193,128),(204,129),(578,129),(676,131),(264,132),(653,132),(73,133),(246,133),(277,133),(669,134),(713,134),(30,135),(751,135),(254,137),(504,137),(635,138),(339,140),(771,141),(779,141),(503,143),(753,143),(416,144),(413,146),(116,147),(88,149),(319,149),(500,150),(17,151),(225,152),(305,154),(344,154),(231,155),(357,155),(488,156),(181,158),(977,158),(60,159),(267,159),(811,159),(617,160),(940,160),(377,162),(536,162),(848,163),(128,164),(92,165),(386,165),(572,165),(758,166),(969,166),(176,167),(694,167),(749,167),(155,168),(451,171),(191,172),(202,172),(898,172),(747,173),(342,175),(854,175),(174,176),(399,176),(352,177),(248,179),(807,179),(325,180),(435,181),(960,181),(53,183),(132,184),(159,187),(394,187),(932,189),(95,192),(400,193),(498,197),(818,197),(825,197),(442,198),(964,199),(75,200),(257,202),(671,202),(11,203),(123,203),(182,203),(682,205),(142,207),(192,207),(681,210),(725,212),(514,214),(961,214),(219,216),(367,217),(41,218),(80,218),(269,218),(55,220),(703,220),(711,220),(217,221),(561,222),(790,222),(948,222),(7,223),(794,226),(427,227),(105,229),(541,229),(172,231),(353,231),(216,233),(32,234),(265,234),(570,237),(962,238),(113,241),(579,241),(457,243),(970,243),(580,244),(152,245),(384,245),(412,245),(336,247),(729,248),(895,248),(323,251),(625,251),(958,251),(626,253),(404,254),(783,254),(479,256),(717,256),(788,256),(974,256),(168,259),(577,259),(102,260),(156,261),(831,261),(20,262),(397,263),(710,263),(84,269),(230,269),(270,269),(295,269),(421,271),(406,272),(882,272),(464,274),(484,274),(4,275),(439,275),(752,275),(897,275),(633,276),(810,280),(917,280),(521,283),(527,283),(584,283),(988,284),(696,287),(134,291),(203,293),(647,293),(765,297),(860,298),(255,299),(241,301),(329,301),(591,301),(187,302),(636,302),(249,304),(304,305),(918,305),(122,306),(338,306),(90,307),(145,307),(444,307),(670,307),(816,309),(52,310),(793,311),(275,312),(62,313),(525,313),(644,314),(839,314),(15,315),(600,315),(45,316),(378,316),(82,318),(211,318),(213,318),(763,318),(925,319),(387,325),(959,326),(548,327),(46,329),(302,331),(220,332),(321,332),(381,333),(441,333),(195,334),(699,337),(283,338),(652,339),(50,340),(760,340),(171,341),(648,341),(880,341),(622,342),(247,343),(301,343),(186,344),(631,344),(94,345),(206,345),(730,347),(363,349),(414,349),(706,349),(789,349),(10,350),(914,351),(36,353),(475,354),(530,354),(599,354),(296,355),(490,357),(738,358),(778,358),(393,359),(476,359),(97,360),(562,360),(886,363),(16,364),(724,367),(362,368),(528,368),(908,368),(77,369),(804,373),(826,375),(547,376),(466,377),(12,378),(947,378),(480,379),(311,380),(776,380),(915,380),(874,381),(190,382),(792,382),(491,385),(937,385),(91,387),(799,387),(224,390),(64,391),(852,391),(297,392),(460,393),(720,394),(43,395),(169,395),(424,395),(432,395),(545,395),(687,395),(697,395),(291,396),(252,397),(672,397),(407,398),(546,398),(930,398),(543,399),(619,399),(684,399),(364,400),(764,400),(823,400),(889,402),(608,403),(101,405),(605,405),(938,407),(402,408),(348,409),(618,409),(795,410),(27,411),(332,413),(263,416),(556,417),(313,418),(569,418),(956,419),(995,419),(370,420),(651,420),(820,422),(138,423),(210,423),(286,423),(251,424),(266,424),(508,425),(686,425),(281,426),(593,427),(194,428),(957,428),(278,429),(715,430),(512,431),(739,435),(902,435),(49,436),(131,436),(452,436),(728,436),(417,437),(759,437),(862,437),(218,438),(598,438),(499,439),(358,443),(641,443),(989,443),(130,447),(872,449),(979,449),(443,450),(294,453),(360,455),(803,455),(945,456),(493,457),(746,457),(768,457),(868,457),(482,458),(93,459),(423,459),(557,460),(888,461),(233,463),(44,466),(596,469),(732,469),(67,471),(553,472),(143,473),(828,473),(426,474),(589,475),(909,476),(978,477),(437,478),(709,478),(679,480),(712,480),(841,483),(316,484),(649,484),(48,489),(787,493),(859,495),(37,496),(620,496),(237,497),(939,497),(992,497),(372,499),(714,499),(212,501),(976,501),(345,502),(349,503),(502,503),(700,503),(22,504),(343,513),(505,514),(5,515),(149,516),(165,516),(965,516),(552,517),(538,518),(8,521),(449,521),(926,521),(86,522),(390,525),(279,527),(428,528),(434,529),(931,531),(306,533),(337,534),(737,534),(883,537),(604,538),(331,539),(863,539),(330,540),(944,540),(375,541),(429,541),(108,543),(470,543),(912,543),(115,544),(736,544),(42,545),(199,545),(506,545),(573,546),(824,546),(981,546),(900,547),(284,550),(328,552),(595,552),(121,553),(943,553),(215,554),(253,554),(446,557),(800,557),(923,557),(232,558),(920,558),(57,559),(741,560),(623,562),(308,563),(354,564),(285,565),(63,566),(18,567),(660,567),(472,569),(535,569),(627,569),(471,570),(905,570),(74,571),(419,573),(922,573),(524,574),(369,575),(515,575),(982,576),(111,577),(853,577),(322,579),(551,579),(66,580),(881,580),(179,581),(240,583),(630,583),(61,586),(315,586),(510,586),(629,588),(921,590),(777,591),(425,594),(196,597),(997,597),(185,598),(228,598),(933,598),(410,599),(560,602),(13,603),(157,603),(990,603),(534,606),(665,606),(879,606),(911,607),(87,608),(409,609),(2,611),(326,612),(453,613),(942,614),(539,615),(987,616),(845,617),(934,621),(272,624),(861,624),(161,625),(727,625),(365,626),(379,626),(485,627),(634,627),(654,628),(1000,628),(405,630),(999,631),(837,633),(913,633),(380,635),(857,635),(762,636),(946,637),(602,638),(19,639),(39,639),(147,639),(688,639),(89,641),(806,641),(478,642),(489,643),(574,643),(99,644),(256,644),(462,644),(540,650),(774,650),(371,655),(847,655),(351,659),(624,660),(936,660),(675,663),(376,664),(742,665),(950,667),(183,669),(368,669),(298,670),(785,670),(856,670),(721,671),(786,672),(501,673),(24,674),(383,674),(31,675),(963,677),(38,678),(708,679),(51,680),(120,680),(261,680),(268,681),(855,682),(78,684),(867,684),(581,685),(835,685),(481,688),(588,688),(529,689),(975,690),(236,692),(83,693),(347,693),(870,693),(878,694),(146,695),(685,695),(784,695),(175,699),(335,700),(250,701),(887,701),(201,702),(734,702),(243,704),(359,705),(450,705),(467,705),(761,705),(733,707),(522,708),(822,709),(844,709),(408,710),(745,711),(637,713),(840,714),(167,715),(221,717),(287,717),(833,717),(719,718),(85,719),(650,719),(150,720),(411,723),(35,727),(924,727),(583,731),(594,731),(829,733),(170,734),(292,734),(842,734),(640,736),(520,737),(54,739),(209,740),(849,742),(609,743),(21,744),(259,744),(866,744),(178,746),(802,746),(832,746),(906,746),(513,747),(691,748),(707,749),(971,751),(162,752),(531,755),(680,755),(723,755),(781,756),(3,758),(127,758),(949,758),(891,759),(396,760),(846,764),(628,767),(537,768),(821,768),(643,769),(683,770),(445,772),(693,772),(388,773),(495,773),(571,773),(477,774),(587,774),(690,774),(698,775),(519,776),(564,776),(661,776),(6,778),(107,778),(851,779),(494,780),(731,782),(33,786),(309,787),(980,787),(509,788),(25,789),(119,792),(718,793),(986,796),(109,797),(448,797),(838,797),(610,798),(320,799),(465,800),(106,803),(118,803),(511,803),(47,807),(198,808),(144,809),(65,811),(639,811),(438,812),(814,812),(716,814),(767,814),(899,814),(740,817),(885,819),(317,820),(440,820),(374,821),(843,821),(148,822),(177,822),(972,822),(507,823),(497,825),(678,825),(815,826),(668,827),(226,830),(486,831),(775,832),(606,833),(403,834),(817,834),(726,835),(754,835),(456,836),(597,836),(876,838),(993,838),(431,840),(487,840),(929,840),(40,841),(422,841),(927,842),(638,843),(689,843),(805,844),(819,850),(173,851),(701,852),(769,852),(324,854),(796,856),(276,857),(705,857),(222,858),(801,858),(951,860),(827,867),(137,868),(274,868),(492,868),(567,868),(735,870),(110,872),(392,872),(892,872),(288,873),(398,875),(566,875),(941,877),(126,879),(850,880),(928,881),(916,883),(100,886),(474,888),(582,888),(81,889),(103,889),(614,891),(756,892),(953,892),(542,894),(864,895),(282,897),(350,898),(341,899),(766,899),(984,899),(586,901),(56,902),(318,902),(401,902),(875,902),(813,903),(554,904),(663,904),(125,909),(234,909),(523,909),(612,909),(834,909),(968,909),(189,910),(271,910),(1,911),(154,911),(58,912),(262,912),(550,913),(770,916),(877,917),(611,920),(258,921),(575,921),(702,921),(356,922),(645,923),(129,924),(744,926),(952,929),(447,932),(674,934),(858,934),(998,936),(901,937),(991,938),(454,939),(96,940),(355,940),(896,940),(389,942),(153,943),(9,944),(299,944),(373,945),(755,946),(658,947),(71,950),(935,950),(772,952),(98,954),(293,954),(983,956),(28,958),(208,958),(180,959),(214,959),(544,961),(68,963),(303,964),(327,964),(664,966),(23,967),(141,967),(307,967),(590,967),(798,967),(890,967),(260,968),(517,968),(549,969),(585,969),(808,972),(903,973),(289,974),(468,975),(812,975),(184,976),(592,976),(117,978),(124,978),(873,978),(613,979),(893,979),(994,979),(112,981),(197,981),(229,981),(239,982),(223,983),(207,984),(314,985),(865,986),(139,988),(244,988),(420,991),(666,992),(655,994),(563,996),(907,1000);
/*!40000 ALTER TABLE `citations` ENABLE KEYS */;
UNLOCK TABLES;

--
-- Table structure for table `delete_requests`
--

DROP TABLE IF EXISTS `delete_requests`;
/*!40101 SET @saved_cs_client     = @@character_set_client */;
/*!40101 SET character_set_client = utf8 */;
CREATE TABLE `delete_requests` (
  `delete_requests_id` int(11) NOT NULL AUTO_INCREMENT,
  `paper_id` int(11) NOT NULL,
  `reason` varchar(140) NOT NULL,
  PRIMARY KEY (`delete_requests_id`)
) ENGINE=InnoDB DEFAULT CHARSET=utf8;
/*!40101 SET character_set_client = @saved_cs_client */;

--
-- Dumping data for table `delete_requests`
--

LOCK TABLES `delete_requests` WRITE;
/*!40000 ALTER TABLE `delete_requests` DISABLE KEYS */;
/*!40000 ALTER TABLE `delete_requests` ENABLE KEYS */;
UNLOCK TABLES;

--
-- Table structure for table `edit_requests`
--

DROP TABLE IF EXISTS `edit_requests`;
/*!40101 SET @saved_cs_client     = @@character_set_client */;
/*!40101 SET character_set_client = utf8 */;
CREATE TABLE `edit_requests` (
  `edit_id` int(11) NOT NULL AUTO_INCREMENT,
  `edit_paper_id` int(11) NOT NULL,
  `edits` varchar(5000) NOT NULL,
  PRIMARY KEY (`edit_id`)
) ENGINE=InnoDB DEFAULT CHARSET=utf8;
/*!40101 SET character_set_client = @saved_cs_client */;

--
-- Dumping data for table `edit_requests`
--

LOCK TABLES `edit_requests` WRITE;
/*!40000 ALTER TABLE `edit_requests` DISABLE KEYS */;
/*!40000 ALTER TABLE `edit_requests` ENABLE KEYS */;
UNLOCK TABLES;

--
-- Table structure for table `journals`
--

DROP TABLE IF EXISTS `journals`;
/*!40101 SET @saved_cs_client     = @@character_set_client */;
/*!40101 SET character_set_client = utf8 */;
CREATE TABLE `journals` (
  `journal_id` int(11) NOT NULL AUTO_INCREMENT,
  `journal_name` varchar(45) NOT NULL,
  `issue_number` int(11) DEFAULT NULL,
  `journal_year` year(4) NOT NULL,
  PRIMARY KEY (`journal_id`)
) ENGINE=InnoDB AUTO_INCREMENT=1001 DEFAULT CHARSET=utf8;
/*!40101 SET character_set_client = @saved_cs_client */;

--
-- Dumping data for table `journals`
--

LOCK TABLES `journals` WRITE;
/*!40000 ALTER TABLE `journals` DISABLE KEYS */;
INSERT INTO `journals` VALUES (1,'Journal of Nutrition+C31C88C2:C3C2:C87',752,2012),(2,'American Journal of Clinical Nutrition',572,2013),(3,'International Journal of Food Science',600,1991),(4,'European Journal of Clinical Nutrition',599,1996),(5,'Journal of the Academy of Nutrition',507,2008),(6,'Journal of Food Science',412,2010),(7,'Public Health Nutrition',352,2003),(8,'British Journal of Nutrition',936,2013),(9,'Molecular Nutrition and Food Research',202,1994),(10,'Nutrition and Cancer',27,2005),(11,'Nutrition in Clinical Practice',373,2003),(12,'International Journal of Obesity',890,2010),(13,'European Journal of Nutrition',708,2016),(14,'Advances in Nutrition',841,2011),(15,'Food and Nutrition Bulletin',167,2017),(16,'International Journal of Sports Nutrition',331,2000),(17,'Applied Physiology, Nutrition and Metabolism',684,2000),(18,'The Journal of Nutrition',625,2000),(19,'Nutritional Neuroscience',504,2008),(20,'Nutrition',422,1994),(21,'Nutrition Journal',711,1994),(22,'Journal of Renal Nutrition',470,1999),(23,'Nutrients',577,1998),(24,'Malaysian Journal of Nutrition',813,2011),(25,'Critical Reviews in Food Science',396,2008),(26,'Journal of Animal and Feed Sciences',330,2003),(27,'Annual Review of Nutrition',908,1990),(28,'ICAN',405,2010),(29,'Nutrition and Health',647,2003),(30,'Diabetes Car',941,2004),(31,'Nutrition Reviews',489,2012),(32,'Food Quality and Preference',10,2005),(33,'Journal of Food Consumption',352,1997),(34,'Journal of Agricultural and Food Chemicals',996,1991),(35,'Journal of the Science of Food',606,1993),(36,'Trends in Food Science',563,2009),(37,'Food and Chemical Toxicology',118,2015),(38,'Innovative Food Science',727,2012),(39,'Journal of Food Safety',469,2004),(40,'Food Science and Technology',560,2008),(41,'Journal of Food Processing',710,2011),(42,'Food and Bioprocess Technology',63,1998),(43,'Food Structure',404,1999),(44,'Journal of Food Process Engineering',916,2013),(45,'Analytical Methods',752,1993),(46,'Food Chemistry',500,2004),(47,'Journal of Food Biochemistry',537,2009),(48,'African Journal of Food',250,2010),(49,'Nature',555,2008),(50,'Journal of Biology',397,2014),(51,'Journal of Molecular Biology',524,2000),(52,'Cell',328,2002),(53,'Journal of Cell Biology',334,2003),(54,'Journal of Experimental Biology',925,2007),(55,'Biological Chemistry',142,2005),(56,'Molecular and Cellular Biology',184,2001),(57,'Current Biology',169,2012),(58,'PLOS Biology',195,2002),(59,'Microbiology',249,2011),(60,'The International Journal of Biochemistry',97,2001),(61,'Integrative Biology',398,2007),(62,'Journal of Computational Biology',721,1998),(63,'Molecular Cell',210,1992),(64,'Biological Abstracts',731,2011),(65,'Nature Cell Biology',167,1997),(66,'International Journal of Biological Science',146,1998),(67,'European Journal of Cell Biology',852,2009),(68,'Journal of Evolutionary Biology',920,2012),(69,'Journal of Structural Biology',232,2016),(70,'Cell Metabolism',5,1998),(71,'Molecular and Cellular Proteomics',126,2008),(72,'Biochemistry and Cell Biology',406,2009),(73,'Developmental Biology',861,1992),(74,'Nature Structural and Molecular Biology',449,2016),(75,'DNA and Cell Biology',163,2011),(76,'PLOS Genetics',438,1995),(77,'Mechanisms of Development',394,2002),(78,'Quarterly Review of Biology',426,2014),(79,'Critical Reviews in Biochemistry',520,1990),(80,'Perspectives in Biology and Medicine',117,1993),(81,'Experimental Cell Research',845,1991),(82,'Cell Stem Cell',41,2010),(83,'Journal of Lipid Research',465,2000),(84,'BMC Biology',27,2004),(85,'International Journal of Plant Science',389,1990),(86,'ACS Chemical Biology',826,2001),(87,'Journal of Steroid Biochemistry',896,2009),(88,'Journal of Nutrition+C31C88C2:C3C2:C87',199,1995),(89,'American Journal of Clinical Nutrition',155,1996),(90,'International Journal of Food Science',496,2011),(91,'European Journal of Clinical Nutrition',450,2000),(92,'Journal of the Academy of Nutrition',601,1999),(93,'Journal of Food Science',649,2014),(94,'Public Health Nutrition',492,1992),(95,'British Journal of Nutrition',851,2008),(96,'Molecular Nutrition and Food Research',539,1993),(97,'Nutrition and Cancer',197,2004),(98,'Nutrition in Clinical Practice',569,2009),(99,'International Journal of Obesity',483,2013),(100,'European Journal of Nutrition',225,2002),(101,'Advances in Nutrition',956,2007),(102,'Food and Nutrition Bulletin',127,2001),(103,'International Journal of Sports Nutrition',786,1993),(104,'Applied Physiology, Nutrition and Metabolism',68,1997),(105,'The Journal of Nutrition',514,2008),(106,'Nutritional Neuroscience',845,2005),(107,'Nutrition',852,2013),(108,'Nutrition Journal',864,2005),(109,'Journal of Renal Nutrition',396,2011),(110,'Nutrients',187,1994),(111,'Malaysian Journal of Nutrition',641,2007),(112,'Critical Reviews in Food Science',407,2010),(113,'Journal of Animal and Feed Sciences',284,1995),(114,'Annual Review of Nutrition',221,2013),(115,'ICAN',489,2001),(116,'Nutrition and Health',1000,1999),(117,'Diabetes Car',754,2013),(118,'Nutrition Reviews',121,1990),(119,'Food Quality and Preference',167,1991),(120,'Journal of Food Consumption',383,2015),(121,'Journal of Agricultural and Food Chemicals',901,2016),(122,'Journal of the Science of Food',329,1992),(123,'Trends in Food Science',986,2015),(124,'Food and Chemical Toxicology',233,2010),(125,'Innovative Food Science',514,1996),(126,'Journal of Food Safety',967,2009),(127,'Food Science and Technology',904,1998),(128,'Journal of Food Processing',981,1995),(129,'Food and Bioprocess Technology',132,2012),(130,'Food Structure',946,1994),(131,'Journal of Food Process Engineering',924,2014),(132,'Analytical Methods',638,2015),(133,'Food Chemistry',458,2016),(134,'Journal of Food Biochemistry',912,2006),(135,'African Journal of Food',754,2003),(136,'Nature',235,1999),(137,'Journal of Biology',388,2008),(138,'Journal of Molecular Biology',160,1991),(139,'Cell',587,2008),(140,'Journal of Cell Biology',21,1990),(141,'Journal of Experimental Biology',459,2008),(142,'Biological Chemistry',515,1993),(143,'Molecular and Cellular Biology',816,1994),(144,'Current Biology',546,1990),(145,'PLOS Biology',371,2007),(146,'Microbiology',213,2007),(147,'The International Journal of Biochemistry',96,2016),(148,'Integrative Biology',581,2008),(149,'Journal of Computational Biology',9,2007),(150,'Molecular Cell',554,2006),(151,'Biological Abstracts',937,1996),(152,'Nature Cell Biology',630,2011),(153,'International Journal of Biological Science',68,2002),(154,'European Journal of Cell Biology',250,2009),(155,'Journal of Evolutionary Biology',671,2002),(156,'Journal of Structural Biology',872,1999),(157,'Cell Metabolism',387,2012),(158,'Molecular and Cellular Proteomics',238,2003),(159,'Biochemistry and Cell Biology',577,2008),(160,'Developmental Biology',40,2012),(161,'Nature Structural and Molecular Biology',493,2009),(162,'DNA and Cell Biology',233,1996),(163,'PLOS Genetics',577,2001),(164,'Mechanisms of Development',924,2002),(165,'Quarterly Review of Biology',759,2013),(166,'Critical Reviews in Biochemistry',760,2005),(167,'Perspectives in Biology and Medicine',37,2014),(168,'Experimental Cell Research',69,2003),(169,'Cell Stem Cell',631,2007),(170,'Journal of Lipid Research',532,2005),(171,'BMC Biology',539,2017),(172,'International Journal of Plant Science',966,1991),(173,'ACS Chemical Biology',79,2004),(174,'Journal of Steroid Biochemistry',412,2010),(175,'Journal of Nutrition+C31C88C2:C3C2:C87',906,2007),(176,'American Journal of Clinical Nutrition',74,2012),(177,'International Journal of Food Science',49,1992),(178,'European Journal of Clinical Nutrition',661,1995),(179,'Journal of the Academy of Nutrition',596,2007),(180,'Journal of Food Science',255,2003),(181,'Public Health Nutrition',420,2007),(182,'British Journal of Nutrition',874,2013),(183,'Molecular Nutrition and Food Research',239,2008),(184,'Nutrition and Cancer',747,2012),(185,'Nutrition in Clinical Practice',521,1996),(186,'International Journal of Obesity',168,2004),(187,'European Journal of Nutrition',796,1999),(188,'Advances in Nutrition',99,2012),(189,'Food and Nutrition Bulletin',349,2011),(190,'International Journal of Sports Nutrition',282,1996),(191,'Applied Physiology, Nutrition and Metabolism',114,2008),(192,'The Journal of Nutrition',483,2009),(193,'Nutritional Neuroscience',545,2017),(194,'Nutrition',299,1998),(195,'Nutrition Journal',165,1991),(196,'Journal of Renal Nutrition',97,1996),(197,'Nutrients',667,2006),(198,'Malaysian Journal of Nutrition',438,2007),(199,'Critical Reviews in Food Science',453,1998),(200,'Journal of Animal and Feed Sciences',724,2011),(201,'Annual Review of Nutrition',798,2015),(202,'ICAN',40,2012),(203,'Nutrition and Health',630,1994),(204,'Diabetes Car',755,2008),(205,'Nutrition Reviews',210,1995),(206,'Food Quality and Preference',677,2008),(207,'Journal of Food Consumption',310,2001),(208,'Journal of Agricultural and Food Chemicals',945,2007),(209,'Journal of the Science of Food',733,2005),(210,'Trends in Food Science',228,1998),(211,'Food and Chemical Toxicology',674,2011),(212,'Innovative Food Science',226,1993),(213,'Journal of Food Safety',552,2011),(214,'Food Science and Technology',63,1996),(215,'Journal of Food Processing',218,2009),(216,'Food and Bioprocess Technology',863,2007),(217,'Food Structure',100,2001),(218,'Journal of Food Process Engineering',848,2004),(219,'Analytical Methods',76,2012),(220,'Food Chemistry',980,2016),(221,'Journal of Food Biochemistry',967,2009),(222,'African Journal of Food',131,1992),(223,'Nature',554,2008),(224,'Journal of Biology',434,2003),(225,'Journal of Molecular Biology',150,2009),(226,'Cell',691,2015),(227,'Journal of Cell Biology',950,2011),(228,'Journal of Experimental Biology',607,2014),(229,'Biological Chemistry',913,2014),(230,'Molecular and Cellular Biology',839,2016),(231,'Current Biology',130,1993),(232,'PLOS Biology',713,1999),(233,'Microbiology',786,2007),(234,'The International Journal of Biochemistry',388,2003),(235,'Integrative Biology',122,2005),(236,'Journal of Computational Biology',367,2001),(237,'Molecular Cell',206,2003),(238,'Biological Abstracts',388,2004),(239,'Nature Cell Biology',90,1999),(240,'International Journal of Biological Science',297,2008),(241,'European Journal of Cell Biology',696,2002),(242,'Journal of Evolutionary Biology',392,1995),(243,'Journal of Structural Biology',635,2001),(244,'Cell Metabolism',472,1991),(245,'Molecular and Cellular Proteomics',218,2014),(246,'Biochemistry and Cell Biology',997,2002),(247,'Developmental Biology',904,2012),(248,'Nature Structural and Molecular Biology',647,2017),(249,'DNA and Cell Biology',338,2012),(250,'PLOS Genetics',901,2012),(251,'Mechanisms of Development',211,2009),(252,'Quarterly Review of Biology',728,2014),(253,'Critical Reviews in Biochemistry',841,2013),(254,'Perspectives in Biology and Medicine',401,1998),(255,'Experimental Cell Research',195,2014),(256,'Cell Stem Cell',289,2017),(257,'Journal of Lipid Research',595,2014),(258,'BMC Biology',469,2008),(259,'International Journal of Plant Science',153,2004),(260,'ACS Chemical Biology',948,2001),(261,'Journal of Steroid Biochemistry',603,1999),(262,'Journal of Nutrition+C31C88C2:C3C2:C87',7,2003),(263,'American Journal of Clinical Nutrition',57,2003),(264,'International Journal of Food Science',624,1994),(265,'European Journal of Clinical Nutrition',206,2001),(266,'Journal of the Academy of Nutrition',799,1996),(267,'Journal of Food Science',781,1994),(268,'Public Health Nutrition',432,2004),(269,'British Journal of Nutrition',55,1994),(270,'Molecular Nutrition and Food Research',5,2001),(271,'Nutrition and Cancer',116,2008),(272,'Nutrition in Clinical Practice',664,2007),(273,'International Journal of Obesity',98,1998),(274,'European Journal of Nutrition',401,2006),(275,'Advances in Nutrition',345,2016),(276,'Food and Nutrition Bulletin',368,1999),(277,'International Journal of Sports Nutrition',580,2002),(278,'Applied Physiology, Nutrition and Metabolism',781,1999),(279,'The Journal of Nutrition',969,2016),(280,'Nutritional Neuroscience',277,2016),(281,'Nutrition',906,1999),(282,'Nutrition Journal',895,1996),(283,'Journal of Renal Nutrition',294,2002),(284,'Nutrients',720,2015),(285,'Malaysian Journal of Nutrition',776,2017),(286,'Critical Reviews in Food Science',351,2012),(287,'Journal of Animal and Feed Sciences',705,1991),(288,'Annual Review of Nutrition',727,2005),(289,'ICAN',993,1994),(290,'Nutrition and Health',880,2016),(291,'Diabetes Car',49,1998),(292,'Nutrition Reviews',127,2009),(293,'Food Quality and Preference',842,2010),(294,'Journal of Food Consumption',500,1996),(295,'Journal of Agricultural and Food Chemicals',183,2016),(296,'Journal of the Science of Food',117,1993),(297,'Trends in Food Science',463,2016),(298,'Food and Chemical Toxicology',453,2007),(299,'Innovative Food Science',716,2011),(300,'Journal of Food Safety',260,2009),(301,'Food Science and Technology',291,2006),(302,'Journal of Food Processing',930,1998),(303,'Food and Bioprocess Technology',177,2013),(304,'Food Structure',615,2008),(305,'Journal of Food Process Engineering',509,2007),(306,'Analytical Methods',736,2010),(307,'Food Chemistry',998,2014),(308,'Journal of Food Biochemistry',185,2013),(309,'African Journal of Food',873,1993),(310,'Nature',146,1996),(311,'Journal of Biology',274,2013),(312,'Journal of Molecular Biology',367,2016),(313,'Cell',702,2015),(314,'Journal of Cell Biology',979,2013),(315,'Journal of Experimental Biology',283,1999),(316,'Biological Chemistry',922,2004),(317,'Molecular and Cellular Biology',628,2002),(318,'Current Biology',261,2015),(319,'PLOS Biology',622,1990),(320,'Microbiology',586,2001),(321,'The International Journal of Biochemistry',167,2004),(322,'Integrative Biology',340,2000),(323,'Journal of Computational Biology',667,1995),(324,'Molecular Cell',451,1993),(325,'Biological Abstracts',680,1991),(326,'Nature Cell Biology',242,1994),(327,'International Journal of Biological Science',808,2013),(328,'European Journal of Cell Biology',229,2001),(329,'Journal of Evolutionary Biology',439,1997),(330,'Journal of Structural Biology',546,1995),(331,'Cell Metabolism',424,2011),(332,'Molecular and Cellular Proteomics',53,2012),(333,'Biochemistry and Cell Biology',790,2016),(334,'Developmental Biology',608,2004),(335,'Nature Structural and Molecular Biology',76,1990),(336,'DNA and Cell Biology',424,1992),(337,'PLOS Genetics',198,2006),(338,'Mechanisms of Development',801,2012),(339,'Quarterly Review of Biology',819,1992),(340,'Critical Reviews in Biochemistry',958,2008),(341,'Perspectives in Biology and Medicine',35,2008),(342,'Experimental Cell Research',76,2016),(343,'Cell Stem Cell',497,2012),(344,'Journal of Lipid Research',456,2016),(345,'BMC Biology',76,1991),(346,'International Journal of Plant Science',10,1992),(347,'ACS Chemical Biology',228,1996),(348,'Journal of Steroid Biochemistry',641,1996),(349,'Journal of Nutrition+C31C88C2:C3C2:C87',379,1992),(350,'American Journal of Clinical Nutrition',17,1999),(351,'International Journal of Food Science',777,2004),(352,'European Journal of Clinical Nutrition',152,1990),(353,'Journal of the Academy of Nutrition',121,2013),(354,'Journal of Food Science',304,2013),(355,'Public Health Nutrition',475,2005),(356,'British Journal of Nutrition',542,2012),(357,'Molecular Nutrition and Food Research',383,2013),(358,'Nutrition and Cancer',667,2011),(359,'Nutrition in Clinical Practice',891,1998),(360,'International Journal of Obesity',910,2010),(361,'European Journal of Nutrition',970,2012),(362,'Advances in Nutrition',828,2007),(363,'Food and Nutrition Bulletin',33,2007),(364,'International Journal of Sports Nutrition',798,2001),(365,'Applied Physiology, Nutrition and Metabolism',660,2010),(366,'The Journal of Nutrition',543,2000),(367,'Nutritional Neuroscience',937,1993),(368,'Nutrition',883,1997),(369,'Nutrition Journal',931,2013),(370,'Journal of Renal Nutrition',369,2013),(371,'Nutrients',879,2000),(372,'Malaysian Journal of Nutrition',119,2017),(373,'Critical Reviews in Food Science',609,2002),(374,'Journal of Animal and Feed Sciences',859,1991),(375,'Annual Review of Nutrition',699,2017),(376,'ICAN',653,2000),(377,'Nutrition and Health',987,2009),(378,'Diabetes Car',140,2007),(379,'Nutrition Reviews',74,2002),(380,'Food Quality and Preference',556,2001),(381,'Journal of Food Consumption',386,2011),(382,'Journal of Agricultural and Food Chemicals',100,2002),(383,'Journal of the Science of Food',282,1991),(384,'Trends in Food Science',955,1993),(385,'Food and Chemical Toxicology',28,2008),(386,'Innovative Food Science',659,2016),(387,'Journal of Food Safety',840,1991),(388,'Food Science and Technology',879,2011),(389,'Journal of Food Processing',221,2004),(390,'Food and Bioprocess Technology',758,2008),(391,'Food Structure',742,1996),(392,'Journal of Food Process Engineering',417,2016),(393,'Analytical Methods',962,2004),(394,'Food Chemistry',125,2003),(395,'Journal of Food Biochemistry',869,2001),(396,'African Journal of Food',679,2010),(397,'Nature',696,2000),(398,'Journal of Biology',170,2013),(399,'Journal of Molecular Biology',421,2016),(400,'Cell',628,2014),(401,'Journal of Cell Biology',414,1998),(402,'Journal of Experimental Biology',909,2006),(403,'Biological Chemistry',395,2007),(404,'Molecular and Cellular Biology',737,1998),(405,'Current Biology',754,2008),(406,'PLOS Biology',689,1990),(407,'Microbiology',87,2010),(408,'The International Journal of Biochemistry',563,2015),(409,'Integrative Biology',444,2001),(410,'Journal of Computational Biology',221,2015),(411,'Molecular Cell',342,1997),(412,'Biological Abstracts',256,2012),(413,'Nature Cell Biology',70,1990),(414,'International Journal of Biological Science',953,2015),(415,'European Journal of Cell Biology',537,1991),(416,'Journal of Evolutionary Biology',466,2014),(417,'Journal of Structural Biology',279,2007),(418,'Cell Metabolism',455,2015),(419,'Molecular and Cellular Proteomics',608,2000),(420,'Biochemistry and Cell Biology',609,2008),(421,'Developmental Biology',41,1992),(422,'Nature Structural and Molecular Biology',104,2006),(423,'DNA and Cell Biology',560,1999),(424,'PLOS Genetics',355,2013),(425,'Mechanisms of Development',477,2012),(426,'Quarterly Review of Biology',700,2005),(427,'Critical Reviews in Biochemistry',313,2012),(428,'Perspectives in Biology and Medicine',677,1995),(429,'Experimental Cell Research',740,1994),(430,'Cell Stem Cell',124,2005),(431,'Journal of Lipid Research',764,2013),(432,'BMC Biology',615,2009),(433,'International Journal of Plant Science',376,2015),(434,'ACS Chemical Biology',694,2001),(435,'Journal of Steroid Biochemistry',956,2016),(436,'Journal of Nutrition+C31C88C2:C3C2:C87',746,2008),(437,'American Journal of Clinical Nutrition',96,2013),(438,'International Journal of Food Science',675,1993),(439,'European Journal of Clinical Nutrition',335,2003),(440,'Journal of the Academy of Nutrition',978,1991),(441,'Journal of Food Science',147,1997),(442,'Public Health Nutrition',369,2012),(443,'British Journal of Nutrition',136,2014),(444,'Molecular Nutrition and Food Research',40,1995),(445,'Nutrition and Cancer',28,1992),(446,'Nutrition in Clinical Practice',336,2011),(447,'International Journal of Obesity',656,2011),(448,'European Journal of Nutrition',612,1995),(449,'Advances in Nutrition',337,1993),(450,'Food and Nutrition Bulletin',757,1994),(451,'International Journal of Sports Nutrition',461,1996),(452,'Applied Physiology, Nutrition and Metabolism',100,2010),(453,'The Journal of Nutrition',307,2015),(454,'Nutritional Neuroscience',434,1990),(455,'Nutrition',905,2009),(456,'Nutrition Journal',251,1998),(457,'Journal of Renal Nutrition',471,1993),(458,'Nutrients',281,2016),(459,'Malaysian Journal of Nutrition',957,1995),(460,'Critical Reviews in Food Science',148,2009),(461,'Journal of Animal and Feed Sciences',729,2003),(462,'Annual Review of Nutrition',855,2008),(463,'ICAN',999,1995),(464,'Nutrition and Health',504,1998),(465,'Diabetes Car',43,2012),(466,'Nutrition Reviews',157,2011),(467,'Food Quality and Preference',186,1994),(468,'Journal of Food Consumption',645,1993),(469,'Journal of Agricultural and Food Chemicals',61,2000),(470,'Journal of the Science of Food',22,1995),(471,'Trends in Food Science',966,2008),(472,'Food and Chemical Toxicology',942,1992),(473,'Innovative Food Science',11,2015),(474,'Journal of Food Safety',490,2000),(475,'Food Science and Technology',428,1998),(476,'Journal of Food Processing',731,1992),(477,'Food and Bioprocess Technology',72,2016),(478,'Food Structure',487,2013),(479,'Journal of Food Process Engineering',143,2007),(480,'Analytical Methods',209,1998),(481,'Food Chemistry',205,2007),(482,'Journal of Food Biochemistry',884,2013),(483,'African Journal of Food',546,2009),(484,'Nature',955,2008),(485,'Journal of Biology',572,1993),(486,'Journal of Molecular Biology',563,2010),(487,'Cell',893,2008),(488,'Journal of Cell Biology',371,2005),(489,'Journal of Experimental Biology',503,1994),(490,'Biological Chemistry',597,1999),(491,'Molecular and Cellular Biology',912,2004),(492,'Current Biology',203,2009),(493,'PLOS Biology',373,2005),(494,'Microbiology',277,2009),(495,'The International Journal of Biochemistry',868,1996),(496,'Integrative Biology',564,1992),(497,'Journal of Computational Biology',881,2013),(498,'Molecular Cell',862,1997),(499,'Biological Abstracts',808,2002),(500,'Nature Cell Biology',868,1990),(501,'International Journal of Biological Science',569,2016),(502,'European Journal of Cell Biology',382,1991),(503,'Journal of Evolutionary Biology',850,2002),(504,'Journal of Structural Biology',288,2006),(505,'Cell Metabolism',737,2008),(506,'Molecular and Cellular Proteomics',188,1991),(507,'Biochemistry and Cell Biology',170,1996),(508,'Developmental Biology',617,1990),(509,'Nature Structural and Molecular Biology',967,2009),(510,'DNA and Cell Biology',370,2008),(511,'PLOS Genetics',584,1994),(512,'Mechanisms of Development',214,1996),(513,'Quarterly Review of Biology',600,2007),(514,'Critical Reviews in Biochemistry',332,2015),(515,'Perspectives in Biology and Medicine',840,2010),(516,'Experimental Cell Research',871,2014),(517,'Cell Stem Cell',365,1992),(518,'Journal of Lipid Research',566,1996),(519,'BMC Biology',138,1999),(520,'International Journal of Plant Science',859,1991),(521,'ACS Chemical Biology',733,2009),(522,'Journal of Steroid Biochemistry',783,2015),(523,'Journal of Nutrition+C31C88C2:C3C2:C87',792,2014),(524,'American Journal of Clinical Nutrition',87,1996),(525,'International Journal of Food Science',124,1999),(526,'European Journal of Clinical Nutrition',633,2011),(527,'Journal of the Academy of Nutrition',427,2009),(528,'Journal of Food Science',221,2006),(529,'Public Health Nutrition',517,2000),(530,'British Journal of Nutrition',303,2001),(531,'Molecular Nutrition and Food Research',358,2003),(532,'Nutrition and Cancer',417,2005),(533,'Nutrition in Clinical Practice',334,2011),(534,'International Journal of Obesity',845,2014),(535,'European Journal of Nutrition',275,2016),(536,'Advances in Nutrition',697,1996),(537,'Food and Nutrition Bulletin',555,2008),(538,'International Journal of Sports Nutrition',314,1993),(539,'Applied Physiology, Nutrition and Metabolism',636,1994),(540,'The Journal of Nutrition',3,2001),(541,'Nutritional Neuroscience',630,2008),(542,'Nutrition',819,1995),(543,'Nutrition Journal',534,1997),(544,'Journal of Renal Nutrition',993,1997),(545,'Nutrients',347,2015),(546,'Malaysian Journal of Nutrition',230,2015),(547,'Critical Reviews in Food Science',292,2012),(548,'Journal of Animal and Feed Sciences',838,2015),(549,'Annual Review of Nutrition',30,2008),(550,'ICAN',969,1999),(551,'Nutrition and Health',530,2014),(552,'Diabetes Car',210,2009),(553,'Nutrition Reviews',653,2008),(554,'Food Quality and Preference',95,1997),(555,'Journal of Food Consumption',578,2008),(556,'Journal of Agricultural and Food Chemicals',823,2009),(557,'Journal of the Science of Food',123,1995),(558,'Trends in Food Science',648,2000),(559,'Food and Chemical Toxicology',872,2009),(560,'Innovative Food Science',454,2003),(561,'Journal of Food Safety',289,2016),(562,'Food Science and Technology',229,1993),(563,'Journal of Food Processing',999,2004),(564,'Food and Bioprocess Technology',965,1994),(565,'Food Structure',869,2004),(566,'Journal of Food Process Engineering',449,2002),(567,'Analytical Methods',439,1999),(568,'Food Chemistry',481,2017),(569,'Journal of Food Biochemistry',590,1990),(570,'African Journal of Food',241,1999),(571,'Nature',600,2002),(572,'Journal of Biology',655,2005),(573,'Journal of Molecular Biology',898,2014),(574,'Cell',625,1997),(575,'Journal of Cell Biology',935,2012),(576,'Journal of Experimental Biology',170,2002),(577,'Biological Chemistry',756,1998),(578,'Molecular and Cellular Biology',469,1991),(579,'Current Biology',427,2000),(580,'PLOS Biology',424,1996),(581,'Microbiology',377,2004),(582,'The International Journal of Biochemistry',238,1997),(583,'Integrative Biology',443,1997),(584,'Journal of Computational Biology',713,2008),(585,'Molecular Cell',706,2004),(586,'Biological Abstracts',1000,2009),(587,'Nature Cell Biology',1,1997),(588,'International Journal of Biological Science',722,2010),(589,'European Journal of Cell Biology',972,2002),(590,'Journal of Evolutionary Biology',636,2000),(591,'Journal of Structural Biology',604,2007),(592,'Cell Metabolism',482,2016),(593,'Molecular and Cellular Proteomics',386,2002),(594,'Biochemistry and Cell Biology',446,2010),(595,'Developmental Biology',315,2015),(596,'Nature Structural and Molecular Biology',897,2014),(597,'DNA and Cell Biology',282,1994),(598,'PLOS Genetics',761,1998),(599,'Mechanisms of Development',475,2013),(600,'Quarterly Review of Biology',572,1992),(601,'Critical Reviews in Biochemistry',286,1992),(602,'Perspectives in Biology and Medicine',479,2007),(603,'Experimental Cell Research',117,2015),(604,'Cell Stem Cell',777,1991),(605,'Journal of Lipid Research',204,2008),(606,'BMC Biology',275,2007),(607,'International Journal of Plant Science',40,2002),(608,'ACS Chemical Biology',931,1997),(609,'Journal of Steroid Biochemistry',596,1993),(610,'Journal of Nutrition+C31C88C2:C3C2:C87',515,2009),(611,'American Journal of Clinical Nutrition',766,1996),(612,'International Journal of Food Science',390,2006),(613,'European Journal of Clinical Nutrition',659,1999),(614,'Journal of the Academy of Nutrition',742,1990),(615,'Journal of Food Science',500,2008),(616,'Public Health Nutrition',104,1998),(617,'British Journal of Nutrition',897,2006),(618,'Molecular Nutrition and Food Research',724,2005),(619,'Nutrition and Cancer',848,2010),(620,'Nutrition in Clinical Practice',230,1997),(621,'International Journal of Obesity',851,2003),(622,'European Journal of Nutrition',242,2010),(623,'Advances in Nutrition',836,2005),(624,'Food and Nutrition Bulletin',785,2016),(625,'International Journal of Sports Nutrition',836,1995),(626,'Applied Physiology, Nutrition and Metabolism',497,1996),(627,'The Journal of Nutrition',631,2002),(628,'Nutritional Neuroscience',751,1992),(629,'Nutrition',605,1998),(630,'Nutrition Journal',556,2012),(631,'Journal of Renal Nutrition',308,2016),(632,'Nutrients',975,2003),(633,'Malaysian Journal of Nutrition',443,1999),(634,'Critical Reviews in Food Science',735,2016),(635,'Journal of Animal and Feed Sciences',591,2003),(636,'Annual Review of Nutrition',740,1993),(637,'ICAN',550,2013),(638,'Nutrition and Health',971,1992),(639,'Diabetes Car',700,2006),(640,'Nutrition Reviews',757,2001),(641,'Food Quality and Preference',726,2015),(642,'Journal of Food Consumption',493,2008),(643,'Journal of Agricultural and Food Chemicals',293,2008),(644,'Journal of the Science of Food',960,1993),(645,'Trends in Food Science',735,2010),(646,'Food and Chemical Toxicology',587,2016),(647,'Innovative Food Science',106,2008),(648,'Journal of Food Safety',458,2002),(649,'Food Science and Technology',940,1994),(650,'Journal of Food Processing',370,2011),(651,'Food and Bioprocess Technology',650,2012),(652,'Food Structure',649,2001),(653,'Journal of Food Process Engineering',111,1995),(654,'Analytical Methods',302,2003),(655,'Food Chemistry',602,2008),(656,'Journal of Food Biochemistry',312,2005),(657,'African Journal of Food',129,2016),(658,'Nature',162,1991),(659,'Journal of Biology',585,2006),(660,'Journal of Molecular Biology',57,2001),(661,'Cell',367,2012),(662,'Journal of Cell Biology',752,1997),(663,'Journal of Experimental Biology',639,1997),(664,'Biological Chemistry',75,2011),(665,'Molecular and Cellular Biology',524,2004),(666,'Current Biology',45,2007),(667,'PLOS Biology',591,2015),(668,'Microbiology',584,1991),(669,'The International Journal of Biochemistry',874,2010),(670,'Integrative Biology',436,2010),(671,'Journal of Computational Biology',227,1991),(672,'Molecular Cell',56,1999),(673,'Biological Abstracts',426,1992),(674,'Nature Cell Biology',497,2016),(675,'International Journal of Biological Science',30,1996),(676,'European Journal of Cell Biology',87,2007),(677,'Journal of Evolutionary Biology',954,2014),(678,'Journal of Structural Biology',938,1999),(679,'Cell Metabolism',179,2012),(680,'Molecular and Cellular Proteomics',100,1993),(681,'Biochemistry and Cell Biology',92,1993),(682,'Developmental Biology',422,1996),(683,'Nature Structural and Molecular Biology',874,1993),(684,'DNA and Cell Biology',579,2015),(685,'PLOS Genetics',264,2011),(686,'Mechanisms of Development',291,1994),(687,'Quarterly Review of Biology',508,1995),(688,'Critical Reviews in Biochemistry',815,1996),(689,'Perspectives in Biology and Medicine',746,1991),(690,'Experimental Cell Research',710,2004),(691,'Cell Stem Cell',426,2016),(692,'Journal of Lipid Research',933,2006),(693,'BMC Biology',302,2003),(694,'International Journal of Plant Science',864,1998),(695,'ACS Chemical Biology',627,2017),(696,'Journal of Steroid Biochemistry',722,2007),(697,'Journal of Nutrition+C31C88C2:C3C2:C87',628,1997),(698,'American Journal of Clinical Nutrition',752,2007),(699,'International Journal of Food Science',464,2007),(700,'European Journal of Clinical Nutrition',869,2012),(701,'Journal of the Academy of Nutrition',878,2003),(702,'Journal of Food Science',884,2007),(703,'Public Health Nutrition',810,2012),(704,'British Journal of Nutrition',185,1996),(705,'Molecular Nutrition and Food Research',359,2010),(706,'Nutrition and Cancer',743,2005),(707,'Nutrition in Clinical Practice',539,2001),(708,'International Journal of Obesity',393,2008),(709,'European Journal of Nutrition',587,2002),(710,'Advances in Nutrition',384,2014),(711,'Food and Nutrition Bulletin',685,2003),(712,'International Journal of Sports Nutrition',849,2009),(713,'Applied Physiology, Nutrition and Metabolism',918,2003),(714,'The Journal of Nutrition',565,2006),(715,'Nutritional Neuroscience',270,2008),(716,'Nutrition',467,2009),(717,'Nutrition Journal',749,2002),(718,'Journal of Renal Nutrition',70,1998),(719,'Nutrients',471,2003),(720,'Malaysian Journal of Nutrition',20,1995),(721,'Critical Reviews in Food Science',59,2000),(722,'Journal of Animal and Feed Sciences',106,1992),(723,'Annual Review of Nutrition',630,2000),(724,'ICAN',429,1993),(725,'Nutrition and Health',320,2013),(726,'Diabetes Car',896,1991),(727,'Nutrition Reviews',391,2004),(728,'Food Quality and Preference',811,2000),(729,'Journal of Food Consumption',271,1994),(730,'Journal of Agricultural and Food Chemicals',483,2013),(731,'Journal of the Science of Food',147,1993),(732,'Trends in Food Science',739,1992),(733,'Food and Chemical Toxicology',298,2004),(734,'Innovative Food Science',425,2006),(735,'Journal of Food Safety',40,1997),(736,'Food Science and Technology',106,1993),(737,'Journal of Food Processing',577,2014),(738,'Food and Bioprocess Technology',777,2013),(739,'Food Structure',249,1990),(740,'Journal of Food Process Engineering',701,1995),(741,'Analytical Methods',564,2012),(742,'Food Chemistry',325,2001),(743,'Journal of Food Biochemistry',960,2015),(744,'African Journal of Food',30,2004),(745,'Nature',606,2005),(746,'Journal of Biology',271,2011),(747,'Journal of Molecular Biology',677,1996),(748,'Cell',135,1992),(749,'Journal of Cell Biology',855,1997),(750,'Journal of Experimental Biology',438,1995),(751,'Biological Chemistry',180,1991),(752,'Molecular and Cellular Biology',285,1993),(753,'Current Biology',1000,1998),(754,'PLOS Biology',635,2001),(755,'Microbiology',891,2001),(756,'The International Journal of Biochemistry',423,2008),(757,'Integrative Biology',576,2006),(758,'Journal of Computational Biology',123,1992),(759,'Molecular Cell',61,2001),(760,'Biological Abstracts',703,2005),(761,'Nature Cell Biology',63,1991),(762,'International Journal of Biological Science',38,1996),(763,'European Journal of Cell Biology',608,1999),(764,'Journal of Evolutionary Biology',227,1995),(765,'Journal of Structural Biology',363,2016),(766,'Cell Metabolism',259,1996),(767,'Molecular and Cellular Proteomics',784,2006),(768,'Biochemistry and Cell Biology',226,1994),(769,'Developmental Biology',34,2010),(770,'Nature Structural and Molecular Biology',786,1994),(771,'DNA and Cell Biology',894,1997),(772,'PLOS Genetics',357,1998),(773,'Mechanisms of Development',327,1997),(774,'Quarterly Review of Biology',393,2004),(775,'Critical Reviews in Biochemistry',998,1990),(776,'Perspectives in Biology and Medicine',923,2013),(777,'Experimental Cell Research',485,1993),(778,'Cell Stem Cell',223,2002),(779,'Journal of Lipid Research',515,2017),(780,'BMC Biology',312,1991),(781,'International Journal of Plant Science',577,2015),(782,'ACS Chemical Biology',377,2015),(783,'Journal of Steroid Biochemistry',863,2003),(784,'Journal of Nutrition+C31C88C2:C3C2:C87',365,2012),(785,'American Journal of Clinical Nutrition',340,2015),(786,'International Journal of Food Science',804,2011),(787,'European Journal of Clinical Nutrition',851,1997),(788,'Journal of the Academy of Nutrition',971,1990),(789,'Journal of Food Science',881,2008),(790,'Public Health Nutrition',329,2011),(791,'British Journal of Nutrition',583,2004),(792,'Molecular Nutrition and Food Research',353,2014),(793,'Nutrition and Cancer',317,2009),(794,'Nutrition in Clinical Practice',979,1993),(795,'International Journal of Obesity',191,2014),(796,'European Journal of Nutrition',639,1992),(797,'Advances in Nutrition',491,2005),(798,'Food and Nutrition Bulletin',861,2001),(799,'International Journal of Sports Nutrition',342,1992),(800,'Applied Physiology, Nutrition and Metabolism',872,2011),(801,'The Journal of Nutrition',848,2008),(802,'Nutritional Neuroscience',813,2008),(803,'Nutrition',14,2013),(804,'Nutrition Journal',734,2007),(805,'Journal of Renal Nutrition',698,2010),(806,'Nutrients',898,1998),(807,'Malaysian Journal of Nutrition',634,2016),(808,'Critical Reviews in Food Science',431,1990),(809,'Journal of Animal and Feed Sciences',703,1999),(810,'Annual Review of Nutrition',697,2005),(811,'ICAN',717,2003),(812,'Nutrition and Health',338,2015),(813,'Diabetes Car',731,2015),(814,'Nutrition Reviews',199,1999),(815,'Food Quality and Preference',633,1994),(816,'Journal of Food Consumption',600,1991),(817,'Journal of Agricultural and Food Chemicals',521,2014),(818,'Journal of the Science of Food',57,1990),(819,'Trends in Food Science',291,1995),(820,'Food and Chemical Toxicology',283,2004),(821,'Innovative Food Science',425,1997),(822,'Journal of Food Safety',523,1995),(823,'Food Science and Technology',724,2004),(824,'Journal of Food Processing',271,2009),(825,'Food and Bioprocess Technology',375,1991),(826,'Food Structure',375,2005),(827,'Journal of Food Process Engineering',605,2002),(828,'Analytical Methods',16,1997),(829,'Food Chemistry',90,1990),(830,'Journal of Food Biochemistry',948,2004),(831,'African Journal of Food',234,1994),(832,'Nature',225,2007),(833,'Journal of Biology',350,1996),(834,'Journal of Molecular Biology',774,1991),(835,'Cell',624,1993),(836,'Journal of Cell Biology',668,2006),(837,'Journal of Experimental Biology',103,1999),(838,'Biological Chemistry',311,2007),(839,'Molecular and Cellular Biology',554,2015),(840,'Current Biology',290,2008),(841,'PLOS Biology',424,2004),(842,'Microbiology',382,2013),(843,'The International Journal of Biochemistry',657,2007),(844,'Integrative Biology',192,1998),(845,'Journal of Computational Biology',57,1991),(846,'Molecular Cell',444,2011),(847,'Biological Abstracts',852,2015),(848,'Nature Cell Biology',777,2014),(849,'International Journal of Biological Science',829,1998),(850,'European Journal of Cell Biology',246,2005),(851,'Journal of Evolutionary Biology',947,2015),(852,'Journal of Structural Biology',515,2007),(853,'Cell Metabolism',637,2004),(854,'Molecular and Cellular Proteomics',304,1992),(855,'Biochemistry and Cell Biology',367,1997),(856,'Developmental Biology',802,2015),(857,'Nature Structural and Molecular Biology',606,2013),(858,'DNA and Cell Biology',890,2010),(859,'PLOS Genetics',654,1998),(860,'Mechanisms of Development',882,1990),(861,'Quarterly Review of Biology',661,2014),(862,'Critical Reviews in Biochemistry',823,1992),(863,'Perspectives in Biology and Medicine',966,2006),(864,'Experimental Cell Research',513,2016),(865,'Cell Stem Cell',118,2004),(866,'Journal of Lipid Research',942,2014),(867,'BMC Biology',214,1994),(868,'International Journal of Plant Science',296,1993),(869,'ACS Chemical Biology',136,2013),(870,'Journal of Steroid Biochemistry',109,1998),(871,'Journal of Nutrition+C31C88C2:C3C2:C87',373,2002),(872,'American Journal of Clinical Nutrition',866,1991),(873,'International Journal of Food Science',429,2005),(874,'European Journal of Clinical Nutrition',846,1992),(875,'Journal of the Academy of Nutrition',266,1991),(876,'Journal of Food Science',679,1996),(877,'Public Health Nutrition',328,2008),(878,'British Journal of Nutrition',962,2017),(879,'Molecular Nutrition and Food Research',593,2005),(880,'Nutrition and Cancer',226,2006),(881,'Nutrition in Clinical Practice',319,2002),(882,'International Journal of Obesity',532,2017),(883,'European Journal of Nutrition',479,2014),(884,'Advances in Nutrition',866,2009),(885,'Food and Nutrition Bulletin',975,1993),(886,'International Journal of Sports Nutrition',249,2008),(887,'Applied Physiology, Nutrition and Metabolism',457,1998),(888,'The Journal of Nutrition',506,2012),(889,'Nutritional Neuroscience',619,1998),(890,'Nutrition',726,1997),(891,'Nutrition Journal',798,2016),(892,'Journal of Renal Nutrition',725,1997),(893,'Nutrients',60,1996),(894,'Malaysian Journal of Nutrition',682,2004),(895,'Critical Reviews in Food Science',724,2005),(896,'Journal of Animal and Feed Sciences',482,2004),(897,'Annual Review of Nutrition',659,2017),(898,'ICAN',363,2010),(899,'Nutrition and Health',796,1999),(900,'Diabetes Car',95,1992),(901,'Nutrition Reviews',911,1994),(902,'Food Quality and Preference',529,2004),(903,'Journal of Food Consumption',594,2013),(904,'Journal of Agricultural and Food Chemicals',570,2011),(905,'Journal of the Science of Food',89,1999),(906,'Trends in Food Science',487,1993),(907,'Food and Chemical Toxicology',902,2000),(908,'Innovative Food Science',491,2004),(909,'Journal of Food Safety',413,1995),(910,'Food Science and Technology',573,2012),(911,'Journal of Food Processing',775,1990),(912,'Food and Bioprocess Technology',658,2012),(913,'Food Structure',808,1994),(914,'Journal of Food Process Engineering',262,2015),(915,'Analytical Methods',340,1993),(916,'Food Chemistry',934,2004),(917,'Journal of Food Biochemistry',566,2012),(918,'African Journal of Food',358,1992),(919,'Nature',362,1993),(920,'Journal of Biology',896,1991),(921,'Journal of Molecular Biology',162,2003),(922,'Cell',971,1997),(923,'Journal of Cell Biology',329,2016),(924,'Journal of Experimental Biology',879,2000),(925,'Biological Chemistry',151,2016),(926,'Molecular and Cellular Biology',573,1997),(927,'Current Biology',63,2012),(928,'PLOS Biology',123,2015),(929,'Microbiology',405,2011),(930,'The International Journal of Biochemistry',429,1997),(931,'Integrative Biology',222,2005),(932,'Journal of Computational Biology',336,1994),(933,'Molecular Cell',46,2016),(934,'Biological Abstracts',345,2007),(935,'Nature Cell Biology',282,1998),(936,'International Journal of Biological Science',514,1998),(937,'European Journal of Cell Biology',500,2006),(938,'Journal of Evolutionary Biology',105,1996),(939,'Journal of Structural Biology',626,2014),(940,'Cell Metabolism',53,1994),(941,'Molecular and Cellular Proteomics',273,2014),(942,'Biochemistry and Cell Biology',226,2011),(943,'Developmental Biology',936,2011),(944,'Nature Structural and Molecular Biology',934,1997),(945,'DNA and Cell Biology',316,1990),(946,'PLOS Genetics',410,2015),(947,'Mechanisms of Development',611,1995),(948,'Quarterly Review of Biology',212,2008),(949,'Critical Reviews in Biochemistry',576,1996),(950,'Perspectives in Biology and Medicine',56,2004),(951,'Experimental Cell Research',499,2007),(952,'Cell Stem Cell',945,2016),(953,'Journal of Lipid Research',469,2004),(954,'BMC Biology',638,2005),(955,'International Journal of Plant Science',771,2001),(956,'ACS Chemical Biology',257,1992),(957,'Journal of Steroid Biochemistry',334,1991),(958,'Journal of Nutrition+C31C88C2:C3C2:C87',497,2002),(959,'American Journal of Clinical Nutrition',712,2000),(960,'International Journal of Food Science',433,2014),(961,'European Journal of Clinical Nutrition',17,2013),(962,'Journal of the Academy of Nutrition',674,2005),(963,'Journal of Food Science',962,1998),(964,'Public Health Nutrition',966,2002),(965,'British Journal of Nutrition',490,2003),(966,'Molecular Nutrition and Food Research',921,1995),(967,'Nutrition and Cancer',964,2003),(968,'Nutrition in Clinical Practice',887,1998),(969,'International Journal of Obesity',16,1992),(970,'European Journal of Nutrition',332,2013),(971,'Advances in Nutrition',113,2004),(972,'Food and Nutrition Bulletin',342,2014),(973,'International Journal of Sports Nutrition',986,2007),(974,'Applied Physiology, Nutrition and Metabolism',85,2014),(975,'The Journal of Nutrition',458,2000),(976,'Nutritional Neuroscience',124,2009),(977,'Nutrition',794,2009),(978,'Nutrition Journal',414,1998),(979,'Journal of Renal Nutrition',929,2016),(980,'Nutrients',808,2011),(981,'Malaysian Journal of Nutrition',326,2009),(982,'Critical Reviews in Food Science',326,2011),(983,'Journal of Animal and Feed Sciences',757,2015),(984,'Annual Review of Nutrition',1000,2005),(985,'ICAN',102,1997),(986,'Nutrition and Health',434,2003),(987,'Diabetes Car',164,2003),(988,'Nutrition Reviews',18,1997),(989,'Food Quality and Preference',434,1997),(990,'Journal of Food Consumption',370,1994),(991,'Journal of Agricultural and Food Chemicals',615,2008),(992,'Journal of the Science of Food',941,2008),(993,'Trends in Food Science',146,1994),(994,'Food and Chemical Toxicology',877,2005),(995,'Innovative Food Science',532,2006),(996,'Journal of Food Safety',1000,2004),(997,'Food Science and Technology',509,1997),(998,'Journal of Food Processing',191,1998),(999,'Food and Bioprocess Technology',963,2011),(1000,'Food Structure',551,2006);
/*!40000 ALTER TABLE `journals` ENABLE KEYS */;
UNLOCK TABLES;

--
-- Table structure for table `keyword_requests`
--

DROP TABLE IF EXISTS `keyword_requests`;
/*!40101 SET @saved_cs_client     = @@character_set_client */;
/*!40101 SET character_set_client = utf8 */;
CREATE TABLE `keyword_requests` (
  `keyword_requests_id` int(11) NOT NULL AUTO_INCREMENT,
  `paper_id` int(11) NOT NULL,
  `keyword` varchar(140) NOT NULL,
  PRIMARY KEY (`keyword_requests_id`)
) ENGINE=InnoDB DEFAULT CHARSET=utf8;
/*!40101 SET character_set_client = @saved_cs_client */;

--
-- Dumping data for table `keyword_requests`
--

LOCK TABLES `keyword_requests` WRITE;
/*!40000 ALTER TABLE `keyword_requests` DISABLE KEYS */;
/*!40000 ALTER TABLE `keyword_requests` ENABLE KEYS */;
UNLOCK TABLES;

--
-- Table structure for table `keywords`
--

DROP TABLE IF EXISTS `keywords`;
/*!40101 SET @saved_cs_client     = @@character_set_client */;
/*!40101 SET character_set_client = utf8 */;
CREATE TABLE `keywords` (
  `paper_id` int(11) NOT NULL,
  `keyword` varchar(140) NOT NULL,
  PRIMARY KEY (`paper_id`,`keyword`),
  CONSTRAINT `keywords_paper_id_fk` FOREIGN KEY (`paper_id`) REFERENCES `papers` (`paper_id`) ON DELETE CASCADE ON UPDATE NO ACTION
) ENGINE=InnoDB DEFAULT CHARSET=utf8;
/*!40101 SET character_set_client = @saved_cs_client */;

--
-- Dumping data for table `keywords`
--

LOCK TABLES `keywords` WRITE;
/*!40000 ALTER TABLE `keywords` DISABLE KEYS */;
INSERT INTO `keywords` VALUES (3,'burger king'),(7,'fitness'),(8,'guava'),(9,'cod'),(9,'lbv'),(10,'physical'),(12,'beef liver'),(16,'pomegranate'),(17,'kabobs'),(18,'blue'),(19,'seaweed'),(19,'sodium'),(20,'exercise'),(24,'cake'),(25,'cauliflower'),(25,'thyme'),(28,'baked'),(28,'beauty'),(29,'value of milk'),(34,'flour'),(34,'waffle'),(35,'cashew'),(38,'appetizers'),(40,'carrot cake'),(42,'blondie'),(45,'supplements'),(47,'cherry tomatoes'),(48,'artichoke'),(52,'cherry '),(52,'popcorn'),(53,'cow milk'),(56,'pudding'),(57,'candy apple'),(61,'carbs'),(65,'noodles'),(65,'phosphorous'),(66,'grilling'),(67,'conduction'),(68,'oatmeal nutrition'),(69,'iron'),(70,'dulce de leche'),(74,'falafel'),(76,'green '),(77,'cleaning'),(79,'pecans'),(79,'polenta'),(84,'blueberry'),(84,'mini'),(86,'kumquat'),(88,'rhubarb'),(88,'russet potatoes'),(89,'dried pear'),(91,'classes'),(93,'journal'),(94,'nectarines'),(94,'pain'),(94,'red bean cake'),(96,'chewing gum'),(96,'margarine'),(96,'sprouts'),(97,'candy pumpkin'),(97,'games'),(97,'substitutes'),(98,'remedy'),(99,'sports'),(100,'gluten free'),(100,'hemp seeds'),(101,'information'),(104,'condiments'),(104,'lemon grass'),(106,'nutrition'),(108,'parmesan'),(109,'whipcream'),(113,'birthday'),(113,'toast'),(115,'cucumber'),(117,'emmer'),(118,'wedding cake'),(120,'brittle'),(120,'dragon fruit'),(122,'boysenberry'),(122,'chives'),(123,'macronutrients'),(123,'starbucks'),(124,'saturated fats'),(125,'olive oil'),(128,'bubble gum'),(128,'dried cherry'),(128,'phd'),(130,'arugula'),(132,'orange'),(135,'dried grapes'),(136,'juice'),(136,'whole wheat'),(139,'hot dog'),(140,'coconut candy'),(140,'pure'),(142,'farro'),(142,'food poisoning'),(142,'pizza'),(145,'syrup'),(146,'noodles'),(147,'management'),(150,'bread'),(151,'red velvet cake'),(152,'bars'),(152,'gumbo'),(152,'tres leches'),(153,'oats'),(153,'prune'),(156,'eat'),(156,'gala'),(158,'jello'),(159,'bell pepper'),(160,'pretzels'),(160,'prime'),(163,'haw flakes'),(163,'system'),(165,'center'),(165,'chicken'),(166,'sprite'),(167,'processing'),(168,'sports'),(169,'citrus'),(169,'convenience'),(173,'bmi'),(173,'salmon'),(175,'crackers'),(176,'applesauce'),(177,'passionfruit'),(178,'casein'),(178,'dried coconut'),(180,'organic'),(184,'starchy foods'),(186,'balances'),(188,'ice cream cake'),(189,'cheesecake'),(191,'ultimate'),(193,'aspen'),(194,'raisins'),(194,'walnust'),(197,'swiss '),(200,'fennel'),(201,'bars'),(202,'olive'),(203,'mead'),(204,'service'),(206,'chia seeds'),(206,'couscous'),(206,'pregnancy'),(207,'sorghum'),(207,'turkey'),(207,'weight loss'),(210,'digestive system'),(210,'fruits'),(211,'heterotrophic'),(212,'ghost pepper'),(212,'source'),(215,'whey'),(217,'bread'),(217,'cognitive'),(217,'fresh'),(217,'pet'),(217,'tests'),(218,'antibiotics'),(218,'green peas'),(218,'pies'),(218,'spinach'),(219,'raw '),(222,'processes'),(223,'cake pops'),(224,'heart'),(225,'almonds'),(225,'liquid'),(225,'rice'),(226,'apples'),(227,'coffee'),(229,'wine'),(230,'balance'),(230,'dehydration'),(231,'almond'),(231,'egg yolk'),(231,'sandwich'),(232,'sushi'),(235,'pistachios'),(236,'confectionary'),(236,'pita'),(239,'hard candy'),(240,'classed'),(241,'authority'),(242,'brown rice'),(242,'oregano'),(243,'lime'),(245,'grano'),(246,'cocoa bean'),(246,'elite'),(248,'additives'),(248,'info'),(248,'plum'),(251,'rum cake'),(254,'oranges'),(257,'asparagus'),(260,'fondu'),(263,'beer'),(263,'gnocchi'),(263,'manufacture'),(265,'coke'),(265,'grazing'),(265,'jackfruit'),(266,'oranges'),(267,'development'),(268,'white'),(270,'bbq'),(270,'hungry'),(275,'bonefish'),(275,'sage'),(276,'egg white'),(282,'celery'),(282,'industry'),(282,'value'),(283,'parsely'),(283,'rosemary'),(285,'white chocolate'),(286,'peach'),(287,'diet'),(288,'nutritional'),(289,'pumpkin'),(290,'dietary'),(290,'persimmon'),(290,'rolled oats'),(291,'apple'),(292,'articles'),(292,'butter'),(292,'wellness'),(295,'hemp'),(300,'clean'),(303,'liver nutrition'),(303,'pears'),(308,'glaze'),(310,'blood orange'),(312,'soy'),(313,'lavendar'),(314,'cilantro'),(317,'alzheimer'),(318,'tater tots'),(322,'avocado'),(323,'applied'),(323,'thirsty'),(324,'beverage'),(325,'animal'),(325,'green grapes'),(326,'black eyed peas'),(330,'almond milk'),(331,'basil'),(331,'jam'),(331,'ziti'),(332,'yogurt'),(333,'baby'),(333,'body'),(335,'dried papaya'),(341,'steroids'),(342,'infants'),(343,'chowder'),(343,'minerals'),(344,'pb2'),(345,'ultimate'),(347,'quesadilla'),(348,'grits'),(348,'pine nuts'),(349,'grapefruit'),(353,'coagulating'),(354,'tips'),(354,'white bread'),(357,'bacteria'),(358,'mung beans'),(359,'sausage'),(361,'mcdonalds'),(363,'cotton candy'),(363,'cranberry'),(363,'desserts'),(363,'veggies'),(364,'maple'),(365,'soy milk'),(371,'granola'),(374,'strawberry'),(375,'menu'),(376,'salad'),(377,'semi sweet chocolate'),(378,'ostrich'),(379,'eaten'),(379,'wasabi'),(382,'cleaned'),(382,'kidneys'),(384,'balanced'),(388,'complete'),(389,'kidney beans'),(389,'oats'),(390,'greens'),(391,'dried melon'),(393,'dried apricot'),(394,'ham'),(395,'spice cake'),(396,'jelly beans'),(396,'swiss roll'),(398,'careers'),(398,'parsnip'),(400,'cookies'),(407,'applications'),(408,'core'),(408,'starch'),(411,'dark chocolate'),(412,'coconut milk'),(412,'sugar snap peas'),(412,'taro'),(416,'star fruit'),(417,'dried mango'),(420,'fruits'),(422,'zucchini'),(424,'barbeque'),(425,'candies'),(425,'yeast flakes'),(426,'subway'),(428,'fig'),(428,'liver'),(432,'tested'),(433,'fruit sours'),(433,'plants'),(433,'potato'),(433,'red pepper'),(434,'fish'),(436,'grains'),(439,'goods'),(439,'labels'),(440,'pepsi'),(443,'elderberry'),(447,'sesame oil'),(448,'aerating'),(448,'online'),(449,'sheet cake'),(450,'edamame'),(450,'performance'),(453,'advanced'),(453,'dried apple'),(453,'energy bars'),(453,'scallops'),(458,'guide'),(461,'cereals'),(462,'chickpea'),(462,'facts'),(463,'gatorade'),(466,'peak'),(468,'baked beans'),(468,'mustard'),(469,'chocolate cake'),(471,'manufacturing'),(472,'lobster'),(472,'squash'),(474,'yeast'),(476,'lasagna'),(476,'trainer'),(477,'apricot'),(478,'flax'),(478,'stock rotation'),(479,'meatballs'),(479,'millet'),(480,'spaghetti squash'),(486,'mushrooms'),(492,'drink'),(494,'white rice'),(495,'caffeine'),(495,'kale'),(497,'guide'),(498,'corn tortillas'),(499,'black rice'),(501,'bodies'),(501,'herbs'),(502,'whole grains'),(503,'drowsy'),(504,'reuben'),(506,'remedies'),(508,'whole'),(509,'news'),(510,'chocolate'),(513,'okra'),(514,'milk'),(515,'goji berry'),(515,'lamb'),(518,'dumplings'),(518,'green beans'),(523,'babies'),(526,'butter cake'),(526,'journal'),(528,'smoothies'),(530,'mayo'),(534,'milkshake'),(534,'pitas'),(535,'hives'),(537,'dew'),(540,'beans'),(541,'convection'),(542,'hummus'),(549,'dragonfruit'),(549,'protein'),(550,'maple syrup'),(550,'pancake'),(558,'nutritional yeast'),(560,'black bean'),(560,'butternut squash'),(560,'cheddar'),(562,'hamburger'),(563,'bacon'),(566,'maize'),(567,'shallot'),(567,'whole grain barley'),(572,'chips'),(575,'swiss cheese'),(575,'tiramisu'),(576,'lemon'),(577,'lentils'),(578,'kidney'),(578,'snack foods'),(579,'beetroot'),(580,'pickles'),(581,'cabbage'),(581,'sunflower'),(581,'turnip'),(584,'tuna'),(587,'clams'),(588,'dried orange'),(592,'milk'),(592,'tofu'),(596,'coconut'),(596,'romaine lettuce'),(597,'preservatives'),(598,'impact'),(599,'brownie'),(600,'health'),(601,'cheese'),(604,'school'),(605,'balanced'),(605,'oil'),(605,'vegetarian'),(611,'substitute'),(613,'value'),(614,'radiation'),(615,'pyramid'),(616,'nutella'),(617,'whole milk'),(619,'apple cake'),(620,'wendys'),(621,'rolls'),(623,'habanero'),(623,'water chestnut'),(625,'pancakes'),(628,'pumpkin seeds'),(629,'buritto'),(629,'dried banana'),(632,'huckleberry'),(635,'fiber'),(636,'yams'),(638,'collard greens'),(638,'distributors'),(639,'radish'),(643,'disease'),(643,'pancreas'),(643,'testing'),(645,'hbv'),(646,'skinless'),(647,'muscles'),(648,'dehydrated'),(648,'hotel'),(650,'buckwheat'),(651,'nuts'),(652,'processed'),(653,'liquorice'),(658,'catfish'),(658,'water'),(659,'red grapes'),(660,'oreos'),(662,'amino'),(662,'pork'),(663,'primal'),(666,'balance'),(666,'gelatinisation'),(666,'onion'),(666,'sesame seed cake'),(667,'back'),(670,'mulberry'),(670,'preservation'),(671,'corn'),(674,'class'),(676,'beef'),(676,'goat'),(677,'lemon drop'),(677,'optimum'),(677,'vitamins'),(679,'jelly '),(679,'steak'),(679,'taco bell'),(682,'radishes'),(683,'spinach'),(684,'chickens'),(685,'maple taffy'),(696,'bake'),(696,'oxidation'),(698,'grape'),(698,'milk chocolate'),(702,'blackberry'),(703,'grill'),(703,'substituted'),(705,'rye'),(711,'gingerbread'),(711,'science'),(713,'kettle corn'),(714,'process'),(717,'sales'),(718,'frozen'),(719,'acorn squash'),(720,'beet'),(722,'chard'),(723,'red meat'),(726,'grain'),(727,'flour tortillas'),(728,'angle food cake'),(728,'balances'),(728,'dirt cake'),(728,'garlic'),(728,'jerky'),(728,'quiche'),(730,'emulsifiers'),(733,'energy'),(734,'important'),(735,'crab'),(735,'glycemic index'),(737,'macaroni'),(738,'vegetables'),(741,'ground turkey'),(741,'test'),(743,'energy balance'),(744,'strength'),(745,'chocolate bar'),(746,'carbohydrates'),(746,'cereal'),(746,'fudge'),(747,'jicama'),(747,'watercress'),(749,'candy cane'),(750,'almond nutrition'),(751,'tortilla'),(751,'venison'),(752,'food'),(756,'red'),(759,'retail'),(761,'sugar'),(763,'moose'),(764,'candy'),(765,'bodybuilding'),(766,'fats'),(766,'gooseberry'),(766,'snack cake'),(769,'black forest cake'),(769,'goose '),(769,'rash'),(769,'vegan'),(770,'barley'),(770,'coffee cake'),(771,'redcurrant'),(772,'durian'),(776,'sauces'),(780,'grits'),(785,'mangoes'),(785,'menus'),(786,'kale'),(789,'caramel'),(789,'carrot'),(789,'evolution'),(791,'cantaloupe'),(791,'honeyberry'),(791,'lean'),(793,'bulgur'),(797,'white bean'),(798,'pepperoni'),(798,'wheat'),(800,'freezing'),(801,'digestive'),(805,'natural'),(805,'sustainable'),(806,'protein bars'),(807,'supplements'),(810,'half and half'),(814,'cashews'),(814,'life'),(815,'candy corn'),(816,'waffles'),(817,'grilled'),(821,'dehydrate'),(821,'olives'),(822,'cereal flakes'),(823,'amino acids'),(823,'coconut oil'),(825,'dried peach'),(825,'facts'),(826,'german chocolate cake'),(830,'ate'),(832,'chamomile'),(832,'cupcake'),(832,'packaging'),(837,'fluids'),(838,'ginger'),(838,'red lentil'),(840,'market'),(841,'wafer'),(842,'watermelon'),(843,'iceburg lettuce'),(843,'nettles'),(845,'children'),(847,'butterscotch'),(848,'fondant'),(849,'poptart'),(850,'birthday cake'),(852,'carrots'),(852,'honey'),(852,'raw milk'),(853,'pear'),(854,'loss'),(854,'quinoa'),(856,'gluten'),(856,'sweet potato'),(857,'environmental'),(857,'popcorn'),(858,'ice cream'),(859,'mountain'),(864,'cornbread'),(864,'oatmeal'),(868,'pineapple'),(869,'lemon'),(870,'activity'),(870,'liquid '),(872,'mustard greens'),(878,'eggs'),(878,'peanuts'),(879,'lettuce'),(879,'lychee'),(880,'wing'),(881,'maple sugar'),(887,'parsnip'),(887,'shrimp'),(889,'dunkin donuts'),(890,'caramel corn'),(891,'cherries'),(891,'donuts'),(892,'article'),(892,'stews'),(893,'apps'),(895,'soda'),(901,'bison'),(909,'cupcakes'),(909,'flax seed'),(911,'chocolate truffle'),(914,'red bean'),(914,'stomach'),(917,'numb'),(918,'kiwi'),(918,'mountin dew'),(920,'bagel'),(921,'plums'),(923,'boneless'),(923,'dill'),(928,'lipids'),(930,'caramel apple'),(931,'clementine'),(932,'dips'),(935,'gobstopper'),(939,'gingerbread house'),(940,'soups'),(942,'kingfish'),(945,'potassium'),(946,'kids'),(948,'cream cheese'),(949,'bisque'),(949,'peanut butter'),(950,'cocoa powder'),(950,'currant '),(953,'allergy'),(953,'date'),(953,'quinoa'),(954,'mango'),(959,'bruscetta'),(959,'jobs'),(959,'seeds'),(960,'burgers'),(961,'slim milk'),(965,'sunflower oil'),(966,'cryogenic'),(969,'wings'),(972,'cake balls'),(973,'tubers'),(974,'jalapenos'),(981,'candied fruit'),(981,'duck'),(983,'calories'),(983,'leek'),(986,'heavy cream'),(987,'tilapia'),(988,'fruit cake'),(989,'eggplant'),(989,'sesame seed'),(992,'spaghetti '),(998,'bananas');
/*!40000 ALTER TABLE `keywords` ENABLE KEYS */;
UNLOCK TABLES;

--
-- Table structure for table `paper_requests`
--

DROP TABLE IF EXISTS `paper_requests`;
/*!40101 SET @saved_cs_client     = @@character_set_client */;
/*!40101 SET character_set_client = utf8 */;
CREATE TABLE `paper_requests` (
  `paper_requests_id` int(11) NOT NULL AUTO_INCREMENT,
  `paper_title` varchar(45) NOT NULL,
  `paper_abstract` varchar(140) DEFAULT NULL,
  `paper_date` varchar(45) NOT NULL,
  `author_name` varchar(45) NOT NULL,
  `journal_name` varchar(45) NOT NULL,
  `journal_year` varchar(45) NOT NULL,
  `journal_issue_number` varchar(45) DEFAULT NULL,
  PRIMARY KEY (`paper_requests_id`)
) ENGINE=InnoDB DEFAULT CHARSET=utf8;
/*!40101 SET character_set_client = @saved_cs_client */;

--
-- Dumping data for table `paper_requests`
--

LOCK TABLES `paper_requests` WRITE;
/*!40000 ALTER TABLE `paper_requests` DISABLE KEYS */;
/*!40000 ALTER TABLE `paper_requests` ENABLE KEYS */;
UNLOCK TABLES;

--
-- Table structure for table `papers`
--

DROP TABLE IF EXISTS `papers`;
/*!40101 SET @saved_cs_client     = @@character_set_client */;
/*!40101 SET character_set_client = utf8 */;
CREATE TABLE `papers` (
  `paper_id` int(11) NOT NULL AUTO_INCREMENT,
  `paper_title` varchar(45) NOT NULL,
  `month_of_publication` char(3) NOT NULL,
  `year_of_publication` year(4) NOT NULL,
  `abstract` varchar(140) DEFAULT NULL,
  `pages` varchar(45) DEFAULT NULL,
  `journal_id` int(11) NOT NULL,
  PRIMARY KEY (`paper_id`),
  KEY `journal_id_fk_idx` (`journal_id`),
  CONSTRAINT `journal_id_fk` FOREIGN KEY (`journal_id`) REFERENCES `journals` (`journal_id`) ON UPDATE NO ACTION
) ENGINE=InnoDB AUTO_INCREMENT=1001 DEFAULT CHARSET=utf8;
/*!40101 SET character_set_client = @saved_cs_client */;

--
-- Dumping data for table `papers`
--

LOCK TABLES `papers` WRITE;
/*!40000 ALTER TABLE `papers` DISABLE KEYS */;
INSERT INTO `papers` VALUES (1,'Control Calories When Eating Out','AUG',2011,'','7-14',381),(2,'Soy','AUG',2015,'Benefits of Soy','61-63',162),(3,'The Perfect Diet Food','DEC',2008,'','71-84',328),(4,'Whole Grains','JUN',2002,'Benefits of Whole Grains','72-85',615),(5,'Dairy','SEP',1994,'Benefits of Dairy','19-43',128),(6,'What to Eat','OCT',2008,'','51-73',96),(7,'Benefits of Tea','DEC',1992,'Benefits of Tea','38-78',652),(8,'Facts About Coffee','FEB',1991,'','34-45',939),(9,'Low-Carb Eating','JUN',1991,'','90-93',131),(10,'Can Diet Prevent Alzheimers?','MAR',1993,'','69-70',251),(11,'Link Between Diet and Breast Cancer','APR',2016,'','5-36',141),(12,'Diet and Diabetes','JUL',1990,'','5-82',208),(13,'Diet for Better Energy','JAN',1992,'','8-41',799),(14,'Nutrition Guidelines','APR',1990,'','52-95',820),(15,'Fruits and Veggies','APR',2009,'','30-99',553),(16,'Healthy Recipies','NOV',1993,'','33-71',421),(17,'Measuring Body Fat','MAY',1998,'','45-73',188),(18,'Filling Up on Fiber','DEC',2015,'Benefits of Fiber','24-81',14),(19,'Food Pyramid','JUL',2005,'','2-52',643),(20,'Hidden Fats','JUL',2013,'','42-54',643),(21,'Good Fats, Bad fats','MAY',1995,'','21-46',261),(22,'Say not to Soda','MAR',1991,'','2-18',475),(23,'Sources of Potassium','OCT',2005,'Benefits of Potassium','46-56',428),(24,'Vegetarian Pregnancy','OCT',1999,'','1-82',408),(25,'Birth Defects and the Maternal Diet','FEB',1991,'','14-86',747),(26,'Foods that Reduce Bone Density','SEP',2008,'','71-82',350),(27,'Prevent Osteoporosis','DEC',1991,'','47-93',417),(28,'Fiber','NOV',2007,'Benefits of Fiber','88-100',682),(29,'Heart Health','MAY',2009,'','29-82',633),(30,'Carbs','AUG',1996,'','8-29',468),(31,'Diet and Eye Disease','DEC',2001,'','15-39',573),(32,'Heart Healthy','SEP',2010,'','42-88',782),(33,'The Skinny on Fat','JUN',2003,'','17-83',302),(34,'Good Carbs, Bad Carbs','JUL',2004,'','49-53',676),(35,'Hypertension and Diet','DEC',2016,'','7-20',412),(36,'Protein','JUN',1998,'Benefits of Protein','69-91',744),(37,'Organic Produce','SEP',2012,'','3-52',153),(38,'Food Safety','MAR',2013,'','4-34',218),(39,'Glycemic Load','OCT',2000,'','20-37',433),(40,'Food Additives','AUG',2012,'','73-91',709),(41,'Mad Cow Disease','DEC',2004,'','20-21',469),(42,'Weight Loss','AUG',2010,'','71-79',345),(43,'Dangers of Obesity','SEP',2015,'','73-91',630),(44,'Fad Diets','JAN',1996,'','59-82',557),(45,'Vitamin B12','JUL',1992,'','18-22',375),(46,'Vitamin D','JAN',2013,'','17-74',622),(47,'Calcium Supplements','NOV',2006,'','45-56',838),(48,'Fasting','DEC',2013,'','8-71',129),(49,'Fast Food Chains','NOV',1997,'','24-83',340),(50,'Gluten','JUN',2008,'','68-89',796),(51,'Broccoli','SEP',2001,'Benefits of Broccoli','12-56',502),(52,'Home Gardens','FEB',1992,'','70-97',12),(53,'Honey','MAR',2005,'Benefits of Honey','9-38',229),(54,'Dietary Supplements','MAY',2006,'','20-92',627),(55,'Nutrition Labels','DEC',2010,'','16-82',221),(56,'Sugar','JUN',1995,'','38-68',874),(57,'Soda','JAN',2015,'','2-18',690),(58,'Fizzy Drinks','DEC',1997,'','62-88',322),(59,'Food Portions','MAY',1996,'','11-48',45),(60,'Sugary Drinks','JUL',2008,'','36-39',887),(61,'Turkey Making You Tired?','NOV',1991,'','14-50',59),(62,'Plant-Based Food','AUG',2016,'','66-92',75),(63,'Fish','FEB',1996,'Benefits of Fish','18-26',292),(64,'Chocolate','NOV',2003,'Benefits of Chocolate','8-71',844),(65,'American Diet','JAN',2011,'','15-88',730),(66,'Trendy Foods','JUN',2007,'','59-68',825),(67,'Paelo Diet','NOV',2000,'','44-67',314),(68,'Olive Oil for Cooking','AUG',2011,'','34-45',871),(69,'Sunflower Oil OK for Heart','JUL',1996,'','27-70',436),(70,'Less Salt','NOV',2002,'','55-65',112),(71,'Healthy Food, Healthy Life','MAR',2004,'','71-90',388),(72,'Overeating','JUL',2004,'','3-82',964),(73,'Toxic Sugar','MAY',2015,'','1-63',569),(74,'Eating More in the Winter','OCT',2009,'','11-84',429),(75,'Red Wine','JUL',2006,'','18-83',64),(76,'Carrot','FEB',1990,'Benefits of Carrots','16-100',98),(77,'Smaller Plates?','APR',2000,'','44-54',797),(78,'Finger Foods','MAY',1990,'','33-86',838),(79,'Diet and Fitness Secrets','JAN',1993,'','61-90',993),(80,'Mediterranian Diet','OCT',1997,'','45-56',101),(81,'Melatonin','MAR',1991,'','18-47',294),(82,'Too Much Protein?','SEP',2002,'','5-93',174),(83,'49 Worst Foods','MAR',2003,'','3-39',869),(84,'Too Much Juice?','JUL',2012,'','37-55',397),(85,'National Nutrition Month','OCT',1991,'','42-52',542),(86,'Oreos','JAN',1990,'','19-60',546),(87,'Added Sugar','AUG',2007,'','30-87',289),(88,'Selenium Supplements','DEC',2006,'','50-78',325),(89,'Gaps in Fast-Food Nutrition Information','MAR',2007,'','40-50',122),(90,'Get Kids to Eat Their Veggies','JUL',2015,'','18-40',449),(91,'Lack of Vitamin D','JUL',2017,'','18-38',543),(92,'Food and Fitness','JAN',2005,'','59-68',105),(93,'Diet Supplements','JUN',2015,'','20-90',395),(94,'Drunk Diet','DEC',2012,'','64-88',4),(95,'Eating Your Feelings','OCT',2003,'','6-78',669),(96,'Low-Carb, Low-Fat','AUG',2014,'','72-85',420),(97,'High Fructose Corn Syrup','JUL',1998,'','31-84',363),(98,'Food Aromas','NOV',2004,'','36-39',588),(99,'Stay Slim With Chocolate','OCT',2011,'','34-78',825),(100,'Unroasted Coffee Beans','FEB',1990,'','38-99',695),(101,'Diet Soda','SEP',2000,'','5-44',724),(102,'Crash Diet','MAR',2009,'','2-45',395),(103,'Diets for Kids','OCT',2002,'','60-90',429),(104,'Breakfast','NOV',2001,'','60-67',638),(105,'Cut Calories','MAY',1994,'','45-62',794),(106,'Unhealthy Drinks','AUG',2015,'','8-9',876),(107,'Salmonella','JUN',2007,'','45-98',716),(108,'Sports Drinks','NOV',2015,'','60-85',942),(109,'Junk Food','MAR',1992,'','60-67',658),(110,'Mangoes','APR',1992,'Benefits of Mangoes','34-61',555),(111,'Soda Ban','MAR',2012,'','11-42',669),(112,'Apples','NOV',2003,'Benefits of Apples','26-48',781),(113,'Fluoride in Water','SEP',2003,'','6-91',132),(114,'Bagged Lettuce','APR',2014,'','43-57',258),(115,'Dried Fruit','FEB',1996,'','30-43',431),(116,'Tuna','AUG',2009,'Benefits of Tuna ','20-30',677),(117,'Cafeteria Food','APR',1997,'','33-89',545),(118,'Microwave Popcorn','JUL',2014,'','62-96',307),(119,'TOPS Diet','MAY',2003,'','16-46',904),(120,'Soda Machines','FEB',1996,'','10-39',269),(121,'Dark Chocolate','JUN',2002,'','1-31',186),(122,'Calcium and Vitamin D','DEC',2013,'','37-85',116),(123,'Antioxidants','SEP',2007,'','26-83',707),(124,'School Lunches','AUG',1997,'','17-24',169),(125,'Iron Pills','JAN',2013,'','90-98',95),(126,'Food Poisoning','AUG',1997,'','35-56',903),(127,'Peanut Butter','FEB',2003,'Benefits of Peanut Butter','31-35',16),(128,'Chewing Gum','DEC',2010,'','45-90',994),(129,'Mealtime Distractions','MAY',2008,'','1-55',586),(130,'Spirulina','NOV',2013,'','60-93',338),(131,'Coffee for Your Liver','NOV',2011,'','3-36',203),(132,'Gluten Labeling','OCT',1994,'','33-64',344),(133,'Diet-Busting Foods','NOV',1998,'','10-84',330),(134,'Celiac Disease','DEC',1996,'','49-53',287),(135,'Boost Mood and Metabolism','AUG',2004,'','8-78',894),(136,'Good Mood Foods','MAY',2005,'','55-78',195),(137,'Stress-Proof Diet','NOV',2011,'','26-62',444),(138,'Medication and Weight Gain','APR',1993,'','39-88',129),(139,'Stress and Obesity','MAR',2008,'','11-81',637),(140,'Stop Eating Your Anger','MAR',2011,'','38-99',708),(141,'Food Addictions','JUN',1997,'','21-61',726),(142,'Worst Foods For Stress','JAN',2003,'','21-75',352),(143,'Vegan Diet to Help Fight Cancer','DEC',2007,'','39-70',123),(144,'Smart Snacks','APR',2001,'','39-87',991),(145,'Fast-Food Guide','SEP',2014,'','45-66',335),(146,'Dining Out Myths','DEC',1990,'','63-82',778),(147,'Grocery Shopping','APR',2001,'','58-59',879),(148,'Satisfy Your Sweet Tooth','AUG',2003,'','12-57',77),(149,'Midnight Snacks','JUN',1993,'','14-53',245),(150,'Secret to Healthy Cooking','MAY',1997,'','57-90',932),(151,'Curb Cravings','JUN',2012,'','2-44',418),(152,'Turn a Bad Habit into a Good Idea','FEB',1996,'','21-82',157),(153,'Pass the Protein','JUN',1992,'','98-100',429),(154,'Feel Full Faster','JUN',1997,'','15-73',239),(155,'Food Labels','FEB',2011,'','85-95',559),(156,'Summer Grilling','OCT',1995,'','21-77',233),(157,'Raw Milk','MAR',2017,'Benefits of Raw Milk','59-80',455),(158,'Water','JUL',2016,'','46-50',610),(159,'Eat Eggs','JUL',2002,'','45-63',123),(160,'Worst Fast Food','DEC',2001,'','6-50',844),(161,'Hospital Food High in Salt','MAR',2005,'','73-89',821),(162,'Boost Memory','OCT',2001,'','4-71',220),(163,'Cooking Veggies','OCT',1997,'','84-86',424),(164,'Superfoods','MAY',1997,'','33-62',582),(165,'Cooking with Tofu','MAR',2001,'','51-82',901),(166,'Cooking Fish','JUN',2011,'','51-56',714),(167,'Weight Loss Medications','FEB',2010,'','51-82',90),(168,'Folic Acid','MAR',2005,'','8-49',884),(169,'Multivitamin','SEP',2005,'','1-53',564),(170,'Apple Cider Vinegar','JUL',1994,'','14-34',468),(171,'Acai Berry','NOV',1998,'Benefits of Acai Berries','26-28',904),(172,'Fish Oil','OCT',2006,'','68-73',449),(173,'Flaxseed','MAR',2015,'','30-77',309),(174,'Vitamin B6','NOV',2005,'','76-89',584),(175,'Vitamin C','MAR',1999,'','7-30',553),(176,'Portion Size','JUN',2013,'','43-52',369),(177,'Burn Fat','DEC',2012,'','25-98',969),(178,'Metabolism Makeover','DEC',2004,'','44-81',424),(179,'Exercise Saves Lean Body Mass','OCT',2016,'','39-73',339),(180,'Too Much Fruit?','APR',1993,'','13-29',548),(181,'Improving Your Health','MAR',1990,'','38-36',949),(182,'5 Nutrition Secrets','NOV',2013,'','52-98',2),(183,'Nutrition Education','APR',1999,'','49-60',282),(184,'Sports Nutrition','AUG',1998,'','8-30',794),(185,'Nutrition App','SEP',2004,'','19-88',752),(186,'Saturated Fats','SEP',2012,'','15-19',549),(187,'Non-Saturated Fats','JUL',1990,'','15-65',993),(188,'Academy of Nutrition','MAY',2009,'','49-95',588),(189,'French Fries ','MAR',1999,'','27-41',311),(190,'Nutrition Challenges','DEC',2011,'','12-36',189),(191,'Food and Nutrition','MAY',2010,'','16-34',835),(192,'Vitamin A','MAY',2010,'','90-98',761),(193,'Zinc','JUN',2000,'','39-71',177),(194,'Infant Health','AUG',2003,'','73-95',463),(195,'BMI','NOV',2002,'','20-23',600),(196,'Smoothies','MAR',1996,'','9-77',139),(197,'Post-Workout Nutrition','AUG',1999,'','2-7',383),(198,'Frozen Veggies','APR',2017,'','40-64',443),(199,'Nutrition and Genetics','MAR',1995,'','12-32',392),(200,'Gluten-Free Foods','OCT',2002,'','7-14',974),(201,'Vegan Diets','SEP',1999,'','61-63',798),(202,'Can Wine Protect Your Neurons','NOV',2004,'','71-84',343),(203,'Nutrition Data','SEP',2012,'','72-85',652),(204,'Vegetarian Diets','FEB',2015,'','19-43',422),(205,'Nutrition Trends','AUG',1999,'','51-73',734),(206,'Benefits of Grain','NOV',2005,'','38-78',605),(207,'Butter vs Olive Oil','APR',2001,'','34-45',372),(208,'Food Engineering','DEC',1993,'','90-93',167),(209,'Legumes','SEP',2010,'Benefits of Legumes','69-70',664),(210,'Type 2 Diabetes and Food','DEC',1992,'','5-36',864),(211,'Infant Nutrition','APR',1999,'','5-82',823),(212,'Broccoli Prevents Cancer','SEP',2013,'Benefits of Broccoli','8-41',393),(213,'Hydroponic Vegetable Nutrition','NOV',1998,'','52-95',319),(214,'Whole Wheat','OCT',2012,'Benefits of Whole Wheat','30-99',800),(215,'Soy Milk','APR',2015,'Differences between Soy Milk and Cow Milk','33-71',161),(216,'Cashew Milk','SEP',2003,'Differences between Cashew Milk and Cow Milk','45-73',972),(217,'Almond Milk','NOV',1999,'Differences Between Almond Milk and Cow Milk','24-81',387),(218,'Coconut Milk','MAR',1997,'Differences between Coconut Milk and Cow Milk','2-52',459),(219,'Genes and Diet','MAY',2010,'','42-54',295),(220,'Vegan Kids','SEP',2011,'','21-46',473),(221,'Nutrition Mission','JAN',1999,'','2-18',521),(222,'Infant Formula','MAR',2017,'','46-56',205),(223,'Pig Nutrition','OCT',2001,'','1-82',493),(224,'Getting Kids to Eat Veggies','JAN',2002,'','14-86',486),(225,'Supersize meals','NOV',1992,'','71-82',756),(226,'Meatless Burgers','MAR',2013,'','47-93',542),(227,'Pumpkin Seeds','JAN',2017,'','88-100',331),(228,'Frozen Fruits','JAN',2003,'','29-82',288),(229,'Fix Your Nutrition with A DNA Test','FEB',1991,'','8-29',299),(230,'How Flavor Drives Nutrition','FEB',2003,'','15-39',881),(231,'Hot Chili Peppers','JAN',1998,'Peppers in Foods','42-88',918),(232,'Lentils','SEP',2006,'Lentils in Soups','17-83',257),(233,'Next Hot Food Trends','NOV',2002,'','49-53',526),(234,'Big Sugar','MAY',1991,'','7-20',190),(235,'Lactose Intolerance','JAN',2010,'','69-91',599),(236,'Saturated Fat and Heart Health','JAN',1998,'','3-52',165),(237,'Limes','JUL',1998,'Benefits of Limes','4-34',852),(238,'Chickpeas','MAR',1992,'Benefits of Chickpeas','20-37',283),(239,'Coconut Oil','NOV',2005,'','73-91',207),(240,'Feeding Type','AUG',2009,'','20-21',782),(241,'School Lunch Nutrition','APR',2007,'','71-79',233),(242,'Vegan Athletes','AUG',2013,'','73-91',676),(243,'Calorie Intake','JUN',2010,'','59-82',490),(244,'Nutrition Statistics','MAY',2009,'','18-22',497),(245,'Food and Exercise','APR',2008,'','17-74',835),(246,'Lemons','OCT',1992,'Benefits of Lemons','45-56',529),(247,'Nutrition Month','MAY',2005,'','8-71',472),(248,'Avocados','JUN',1991,'Benefits of Avacados','24-83',18),(249,'Post-Exercise Nutrition','APR',2006,'','68-89',581),(250,'Nuts','JUL',1991,'Benefits of Nuts','12-56',109),(251,'Mushrooms','JUN',1996,'Benefits of Mushrooms','70-97',596),(252,'Pumpkin','JUN',2011,'Benefits of Pumpkin','9-38',774),(253,'Raspberries','JAN',2001,'Benefits of Raspberries','20-92',320),(254,'Blueberries','DEC',2003,'Benefits of Blueberries','16-82',239),(255,'Cucumbers','JUN',2007,'Benefits of Cucumber','38-68',764),(256,'Omega-3','JUN',2004,'','2-18',863),(257,'Eggplant','APR',2011,'Benefits of Eggplant','62-88',613),(258,'Watermelon','JUL',1991,'Benefits of Watermelon','11-48',659),(259,'Tomatoes','SEP',2013,'Benefits of Tomatoes','36-39',917),(260,'Potatoes','AUG',2016,'Benefits of Potatoes','14-50',135),(261,'Papaya','JUL',2005,'Benefits of Papaya','66-92',787),(262,'Pomegranate','DEC',2004,'Benefits of Pomegranate','18-26',518),(263,'Corn','NOV',1999,'Benefits of Corn','8-71',564),(264,'Gelatin','DEC',1993,'','15-88',955),(265,'Watercress','SEP',2005,'Benefits of Watercress','59-68',612),(266,'Spinach','AUG',2000,'Benefits of Spinach','44-67',844),(267,'Cauliflower','NOV',2004,'Benefits of Cauliflower','34-45',341),(268,'Brussel Sprouts','OCT',1991,'Benefits of Brussel Sprouts','27-70',995),(269,'Strawberries','JUN',2003,'Benefits of Strawberries','55-65',855),(270,'Grapes','MAR',2016,'Benefits of Grapes','71-90',486),(271,'Pears','APR',2012,'Benefits of Pears','3-82',305),(272,'Bananas','AUG',2013,'Benefits of Bananas','1-63',468),(274,'Garlic','MAY',1999,'Benefits of Garlic','18-83',418),(275,'Sweetners','JUL',1998,'','16-100',190),(276,'Beetroot','NOV',2007,'Benefits of Beetroot','44-54',438),(277,'Green Beans','AUG',2002,'Benefits of Green Beans','33-86',95),(278,'The Sugar War','JAN',2014,'','61-90',339),(279,'Quinoa','JAN',2015,'Benefits of Quinoa','45-56',805),(280,'High-fat Foods','OCT',2013,'','18-47',738),(281,'Anti-Aging Foods','AUG',2000,'','5-93',653),(282,'Kiwi','SEP',2007,'Benefits of Kiwi','3-39',611),(283,'Kale','JAN',2011,'Benefits of Kale','37-55',839),(284,'Celery','JUN',1994,'Benefits of Celery','42-52',615),(285,'Cantaloupe','APR',1994,'Benefits of Cantaloupe','19-60',742),(286,'Honeydew','JAN',2016,'Benefits of Honeydew','30-87',735),(287,'Vitamin H','MAY',2002,'','50-78',887),(288,'Niacin','JAN',2015,'','40-50',92),(289,'Vitamin E','JAN',2004,'','18-40',251),(290,'Vitamin K','OCT',1992,'','18-38',933),(291,'Phosphorus','MAR',1998,'','59-68',564),(292,'Magnesium','JAN',2012,'','20-90',147),(293,'Copper','FEB',1995,'','64-88',524),(294,'Chromium','JAN',1997,'','6-78',406),(295,'Fluroide','MAY',2001,'','72-85',244),(296,'Iodine','MAY',2005,'','31-84',931),(297,'Manganese','OCT',1997,'','36-39',120),(298,'Retinol','NOV',1993,'','34-78',82),(299,'Peppers','JAN',1998,'Benefits of Peppers','38-99',131),(300,'Sweet Potato','SEP',2014,'Benefits of Sweet Potato','5-44',207),(301,'Blackberries','MAR',2003,'Benefits of Blackberries','2-45',347),(302,'Mulberries','DEC',2009,'Benefits of Mulberries','60-90',675),(303,'Pineapples','JUN',1998,'Benefits of Pineapples','60-67',390),(304,'Peaches','AUG',2007,'Benefits of Peaches','45-62',139),(305,'Apricots','DEC',1996,'Benefits of Apricots','8-9',799),(306,'Grapefruit','NOV',2008,'Benefits of Grapefruit','45-98',452),(307,'Gooseberry','AUG',1997,'Benefits of Gooseberry','60-85',965),(308,'Jackfruit','JAN',2000,'Benefits of JackFruit','60-67',368),(309,'Cabbage','APR',1992,'Benefits of Cabbage','34-61',468),(310,'Artichoke','NOV',2009,'Benefits of Artichoke','11-42',18),(311,'Radish','AUG',2006,'Benefits of Radishes','26-48',61),(312,'Zucchini','MAR',2008,'Benefits of Zucchini','6-91',952),(313,'Peas','JUN',2010,'Benefits of Peas','43-57',757),(314,'Asparagus','MAY',1996,'Benefits of Asparagus','30-43',549),(315,'Squash','JAN',2004,'Benefits of Squash','20-30',921),(316,'Lettuce','APR',2016,'Benefits of Lettuce','33-89',120),(317,'Turnip','SEP',2009,'Benefits of Turnips','62-96',917),(318,'Mint','OCT',1999,'Benefits of Mint','16-46',800),(319,'Track Meal Nutrition','SEP',2013,'','10-39',323),(320,'Turmeric','NOV',1998,'','1-31',335),(321,'Edamame','JAN',2002,'Benefits of Edamame','37-85',165),(322,'Protein Powder','JAN',2008,'','26-83',926),(323,'Cinnamon','JUL',2003,'','17-24',999),(324,'Nutrition and TB','JUL',2015,'','90-98',824),(325,'Microwaving and Nutrition','MAR',2016,'','35-56',493),(326,'Cereal','OCT',2015,'','31-35',622),(327,'Workout Nutrition','APR',2015,'','45-90',599),(328,'30 Simple Health Tips','NOV',2006,'','1-55',412),(329,'Prescriptions for Veggies','JAN',1997,'','60-93',40),(330,'Nutritional Deficiencies','MAY',2001,'','3-36',763),(331,'Oatmeal','FEB',1995,'','33-64',684),(332,'Arugula','JUN',1998,'','10-84',760),(333,'Undernutrition','FEB',2008,'','49-53',626),(334,'Parsley','MAY',1992,'','8-78',807),(335,'Junk Food Diet','APR',2012,'','55-78',857),(336,'Mindful Eating','JAN',2004,'','26-62',668),(337,'Yogurt','OCT',2008,'','39-88',272),(338,'Ice Cream','JUL',1991,'','11-81',593),(339,'Cheeses','SEP',1999,'','38-99',965),(340,'Food and Students','SEP',2014,'','21-61',286),(341,'College Nutrition','APR',1992,'','21-75',214),(342,'Nutrition for High School Students','AUG',1992,'','39-70',380),(343,'Good Nutrition','FEB',1998,'','39-87',646),(344,'Food Preservatives','NOV',2012,'','45-66',166),(345,'Bad Nutrition','OCT',2017,'','63-82',988),(346,'SuperKids','MAY',2012,'','58-59',814),(347,'Nutrition and Sleep','JAN',2014,'','12-57',534),(348,'Eating Psychology','SEP',2011,'','14-53',659),(349,'Mind and Body Nutrition','SEP',2016,'','57-90',244),(350,'Teaching Kitchen','SEP',2004,'','2-44',884),(351,'Nutritional Supplements','OCT',1992,'','21-82',964),(352,'Nutrition and Body Weight','JAN',1999,'','98-100',604),(353,'Herbal Supplements','JUL',2003,'','15-73',467),(354,'Role of Diets in Society','AUG',2001,'','85-95',416),(355,'MSG','DEC',1992,'','21-77',603),(356,'Sensory Science','MAR',2010,'','59-80',572),(357,'Breeding Nutrition Out of Our Food','JAN',1996,'','46-50',850),(358,'Health','FEB',2002,'','45-63',194),(359,'Beet Benefits','FEB',2015,'','6-50',588),(360,'Athlete Diets','JUN',1994,'','73-89',790),(361,'Appetite','MAR',2011,'','4-71',320),(362,'Control Calories When Eating Out','NOV',2005,'','84-86',416),(363,'Soy','APR',2008,'Benefits of Soy','33-62',934),(364,'The Perfect Diet Food','JUL',2004,'','51-82',820),(365,'Whole Grains','SEP',2016,'Benefits of Whole Grains','51-56',422),(366,'Dairy','APR',2017,'Benefits of Dairy','51-82',256),(367,'What to Eat','APR',1999,'','8-49',168),(368,'Benefits of Tea','APR',1995,'','1-53',682),(369,'Facts About Coffee','JUN',1999,'','14-34',260),(370,'Low-Carb Eating','FEB',1998,'','26-28',978),(371,'Can Diet Prevent Alzheimers?','JAN',2012,'','68-73',189),(372,'Link Between Diet and Breast Cancer','MAY',2012,'','30-77',789),(373,'Diet and Diabetes','JAN',2013,'','76-89',612),(374,'Diet for Better Energy','MAY',2011,'','7-30',886),(375,'Nutrition Guidelines','OCT',2001,'','43-52',702),(376,'Fruits and Veggies','JUN',2001,'','25-98',447),(377,'Healthy Recipies','DEC',1994,'','44-81',581),(378,'Measuring Body Fat','APR',1991,'','39-73',999),(379,'Filling Up on Fiber','OCT',2005,'','13-29',166),(380,'Food Pyramid','APR',2007,'','38-36',366),(381,'Hidden Fats','MAR',1991,'','52-98',11),(382,'Good Fats, Bad fats','AUG',2013,'','49-60',37),(383,'Say not to Soda','DEC',1999,'','8-30',877),(384,'Sources of Potassium','SEP',2001,'','19-88',323),(385,'Vegetarian Pregnancy','MAR',2002,'','15-19',278),(386,'Birth Defects and the Maternal Diet','FEB',2012,'','15-65',493),(387,'Foods that Reduce Bone Density','SEP',1995,'','49-95',562),(388,'Prevent Osteoporosis','MAR',2016,'','27-41',213),(389,'Fiber','DEC',2011,'Benefits of Fiber','12-36',807),(390,'Heart Health','MAR',2013,'','16-34',96),(391,'Carbs','APR',2017,'','90-98',604),(392,'Diet and Eye Disease','NOV',1997,'','39-71',832),(393,'Heart Healthy','JUN',2015,'','73-95',554),(394,'The Skinny on Fat','NOV',1991,'','20-23',496),(395,'Good Carbs, Bad Carbs','JUN',1992,'','9-77',40),(396,'Hypertension and Diet','SEP',1995,'','2-7',734),(397,'Protein','SEP',1999,'Benefits of Protein','40-64',776),(398,'Organic Produce','DEC',2013,'','12-32',280),(399,'Food Safety','AUG',2016,'','7-14',6),(400,'Glycemic Load','NOV',2001,'','61-63',254),(401,'Food Additives','APR',1992,'','71-84',5),(402,'Mad Cow Disease','JAN',2009,'','72-85',966),(403,'Weight Loss','FEB',2011,'','19-43',469),(404,'Dangers of Obesity','JAN',1998,'','51-73',115),(405,'Fad Diets','JUL',1995,'','38-78',731),(406,'Vitamin B12','DEC',1995,'','34-45',782),(407,'Vitamin D','JUL',2000,'','90-93',607),(408,'Calcium Supplements','AUG',1998,'','69-70',341),(409,'Fasting','APR',1997,'','5-36',292),(410,'Fast Food Chains','OCT',2001,'','5-82',503),(411,'Gluten','AUG',1994,'','8-41',774),(412,'Broccoli','MAR',1994,'Benefits of Broccoli','52-95',674),(413,'Home Gardens','AUG',2002,'','30-99',473),(414,'Honey','JUN',1996,'Benefits of Honey','33-71',796),(415,'Dietary Supplements','JUL',2000,'','45-73',812),(416,'Nutrition Labels','JUL',2002,'','24-81',458),(417,'Sugar','JAN',2001,'','2-52',271),(418,'Soda','JUL',1994,'','42-54',171),(419,'Fizzy Drinks','DEC',1992,'','21-46',396),(420,'Food Portions','MAR',1997,'','2-18',103),(421,'Sugary Drinks','JUN',2008,'','46-56',781),(422,'Turkey Making You Tired?','JAN',1995,'','1-82',929),(423,'Plant-Based Food','JAN',2010,'','14-86',566),(424,'Fish','MAR',2008,'Benefits of Fish','71-82',419),(425,'Chocolate','NOV',1993,'Benefits of Chocolate','47-93',710),(426,'American Diet','DEC',1990,'','88-100',926),(427,'Trendy Foods','AUG',1991,'','29-82',867),(428,'Paelo Diet','APR',1994,'','8-29',256),(429,'Olive Oil for Cooking','OCT',1998,'','15-39',864),(430,'Sunflower Oil OK for Heart','SEP',2002,'','42-88',340),(431,'Less Salt','NOV',2005,'','17-83',308),(432,'Healthy Food, Healthy Life','JUN',2008,'','49-53',397),(433,'Overeating','APR',2003,'','7-20',663),(434,'Toxic Sugar','APR',2010,'','69-91',526),(435,'Eating More in the Winter','FEB',2002,'','3-52',899),(436,'Red Wine','JUN',1990,'','4-34',932),(437,'Carrot','JUL',1995,'Benefits of Carrots','20-37',863),(438,'Smaller Plates?','JUL',1996,'','73-91',562),(439,'Finger Foods','MAY',2012,'','20-21',584),(440,'Diet and Fitness Secrets','NOV',1999,'','71-79',542),(441,'Mediterranian Diet','NOV',2009,'','73-91',303),(442,'Melatonin','SEP',2010,'','59-82',229),(443,'Too Much Protein?','OCT',2006,'','18-22',440),(444,'49 Worst Foods','NOV',2004,'','17-74',658),(445,'Too Much Juice?','MAR',1991,'','45-56',456),(446,'National Nutrition Month','MAY',1996,'','8-71',713),(447,'Oreos','MAY',1994,'','24-83',454),(448,'Added Sugar','FEB',2006,'','68-89',311),(449,'Selenium Supplements','MAR',2011,'','12-56',975),(450,'Gaps in Fast-Food Nutrition Information','SEP',2015,'','70-97',703),(451,'Get Kids to Eat Their Veggies','NOV',2014,'','9-38',795),(452,'Lack of Vitamin D','OCT',1990,'','20-92',569),(453,'Food and Fitness','JAN',1991,'','16-82',620),(454,'Diet Supplements','MAR',1993,'','38-68',620),(455,'Drunk Diet','SEP',1998,'','2-18',521),(456,'Eating Your Feelings','JAN',1997,'','62-88',189),(457,'Low-Carb, Low-Fat','DEC',2012,'','11-48',490),(458,'High Fructose Corn Syrup','JUN',2008,'','36-39',891),(459,'Food Aromas','OCT',2001,'','14-50',164),(460,'Stay Slim With Chocolate','FEB',1992,'','66-92',27),(461,'Unroasted Coffee Beans','FEB',1996,'','18-26',953),(462,'Diet Soda','APR',2000,'','8-71',634),(463,'Crash Diet','JAN',2011,'','15-88',828),(464,'Diets for Kids','MAY',2011,'','59-68',491),(465,'Breakfast','MAR',2001,'','44-67',86),(466,'Cut Calories','JUN',2012,'','34-45',167),(467,'Unhealthy Drinks','MAR',2000,'','27-70',74),(468,'Salmonella','JUN',2009,'','55-65',798),(469,'Sports Drinks','SEP',2010,'','71-90',889),(470,'Junk Food','OCT',2012,'','3-82',904),(471,'Mangoes','OCT',2006,'Benefits of Mangoes','1-63',925),(472,'Soda Ban','FEB',2013,'','11-84',274),(473,'Apples','NOV',2015,'Benefits of Apples','18-83',53),(474,'Fluoride in Water','NOV',2008,'','16-100',649),(475,'Bagged Lettuce','JUL',2004,'','44-54',260),(476,'Dried Fruit','DEC',2015,'','33-86',358),(477,'Tuna','MAR',1996,'Benefits of Tuna ','61-90',497),(478,'Cafeteria Food','FEB',2007,'','45-56',797),(479,'Microwave Popcorn','NOV',1994,'','18-47',973),(480,'TOPS Diet','JUL',1991,'','5-93',18),(481,'Soda Machines','NOV',1999,'','3-39',427),(482,'Dark Chocolate','JUN',1992,'Benefits of Dark Chocolate','37-55',138),(483,'Calcium and Vitamin D','AUG',2013,'','42-52',491),(484,'Antioxidants','SEP',1997,'','19-60',515),(485,'School Lunches','OCT',1992,'','30-87',928),(486,'Iron Pills','DEC',1992,'','50-78',177),(487,'Food Poisoning','FEB',2000,'','40-50',283),(488,'Peanut Butter','AUG',1991,'Benefits of Peanut Butter','18-40',996),(489,'Chewing Gum','SEP',1992,'','18-38',286),(490,'Mealtime Distractions','FEB',1999,'','59-68',659),(491,'Spirulina','NOV',1998,'','20-90',353),(492,'Coffee for Your Liver','OCT',1997,'','64-88',826),(493,'Gluten Labeling','NOV',2006,'','6-78',946),(494,'Diet-Busting Foods','OCT',2010,'','72-85',582),(495,'Celiac Disease','APR',2004,'','31-84',332),(496,'Boost Mood and Metabolism','MAY',2002,'','36-39',473),(497,'Good Mood Foods','SEP',2006,'','34-78',550),(498,'Stress-Proof Diet','MAR',2007,'','38-99',661),(499,'Medication and Weight Gain','MAR',1997,'','5-44',651),(500,'Stress and Obesity','DEC',2014,'','2-45',125),(501,'Stop Eating Your Anger','MAR',1997,'','60-90',887),(502,'Food Addictions','OCT',2017,'','60-67',524),(503,'Worst Foods For Stress','JUL',1991,'','45-62',954),(504,'Vegan Diet to Help Fight Cancer','APR',2012,'','8-9',499),(505,'Smart Snacks','JUN',2000,'','45-98',295),(506,'Fast-Food Guide','DEC',2014,'','60-85',435),(507,'Dining Out Myths','MAY',2017,'','60-67',435),(508,'Grocery Shopping','NOV',1993,'','34-61',44),(509,'Satisfy Your Sweet Tooth','JAN',2012,'','11-42',944),(510,'Midnight Snacks','JUN',1994,'','26-48',108),(511,'Secret to Healthy Cooking','NOV',1995,'','6-91',255),(512,'Curb Cravings','APR',2011,'','43-57',619),(513,'Turn a Bad Habit into a Good Idea','SEP',2008,'','30-43',291),(514,'Pass the Protein','JAN',2004,'','20-30',801),(515,'Feel Full Faster','MAR',2011,'','33-89',423),(516,'Food Labels','MAR',2016,'','62-96',688),(517,'Summer Grilling','JUL',2016,'','16-46',208),(518,'Raw Milk','OCT',2009,'Benefits of Raw Milk','10-39',819),(519,'Water','APR',1991,'','1-31',266),(520,'Eat Eggs','SEP',2017,'','37-85',404),(521,'Worst Fast Food','JUL',2004,'','26-83',999),(522,'Hospital Food High in Salt','MAY',1994,'','17-24',431),(523,'Boost Memory','MAY',1992,'','90-98',810),(524,'Cooking Veggies','FEB',2010,'','35-56',755),(525,'Superfoods','DEC',2016,'','31-35',468),(526,'Cooking with Tofu','DEC',1995,'','45-90',890),(527,'Cooking Fish','JUN',1996,'','1-55',229),(528,'Weight Loss Medications','FEB',1997,'','60-93',734),(529,'Folic Acid','JAN',2002,'','3-36',333),(530,'Multivitamin','SEP',1992,'','33-64',66),(531,'Apple Cider Vinegar','DEC',2000,'','10-84',984),(532,'Acai Berry','MAY',1993,'Benefits of Acai Berries','49-53',971),(533,'Fish Oil','OCT',2006,'','8-78',134),(534,'Flaxseed','JAN',2003,'','55-78',879),(535,'Vitamin B6','AUG',2004,'','26-62',91),(536,'Vitamin C','NOV',2011,'','39-88',981),(537,'Portion Size','JUL',2016,'','11-81',449),(538,'Burn Fat','DEC',1999,'','38-99',60),(539,'Metabolism Makeover','DEC',1997,'','21-61',844),(540,'Exercise Saves Lean Body Mass','JUL',2011,'','21-75',545),(541,'Too Much Fruit?','OCT',2015,'','39-70',456),(542,'Improving Your Health','AUG',2005,'','39-87',11),(543,'5 Nutrition Secrets','APR',2011,'','45-66',730),(544,'Nutrition Education','MAR',2004,'','63-82',897),(545,'Sports Nutrition','MAR',2003,'','58-59',669),(546,'Nutrition App','APR',2014,'','12-57',898),(547,'Saturated Fats','SEP',2013,'','14-53',673),(548,'Non-Saturated Fats','APR',1994,'','57-90',898),(549,'Academy of Nutrition','DEC',1994,'','2-44',411),(550,'French Fries ','FEB',2006,'','21-82',405),(551,'Nutrition Challenges','MAY',2004,'','98-100',8),(552,'Food and Nutrition','APR',1992,'','15-73',392),(553,'Vitamin A','AUG',2006,'','85-95',252),(554,'Zinc','DEC',2011,'','21-77',860),(555,'Infant Health','JAN',2012,'','59-80',758),(556,'BMI','JUN',1999,'','46-50',415),(557,'Smoothies','DEC',1994,'','45-63',280),(558,'Post-Workout Nutrition','DEC',2009,'','6-50',629),(559,'Frozen Veggies','DEC',2010,'','73-89',395),(560,'Nutrition and Genetics','NOV',1999,'','4-71',823),(561,'Gluten-Free Foods','MAY',1997,'','84-86',478),(562,'Vegan Diets','SEP',1997,'','33-62',340),(563,'Can Wine Protect Your Neurons','APR',1992,'','51-82',827),(564,'Nutrition Data','JUL',2013,'','51-56',606),(565,'Vegetarian Diets','FEB',2002,'','51-82',156),(566,'Nutrition Trends','FEB',2012,'','8-49',883),(567,'Benefits of Grain','OCT',2011,'','1-53',932),(568,'Butter vs Olive Oil','MAY',1991,'','14-34',747),(569,'Food Engineering','JUN',1992,'','26-28',657),(570,'Legumes','SEP',2014,'Benefits of Legumes','68-73',604),(571,'Type 2 Diabetes and Food','OCT',2007,'','30-77',585),(572,'Infant Nutrition','OCT',2013,'','76-89',63),(573,'Broccoli Prevents Cancer','MAR',2006,'','7-30',523),(574,'Hydroponic Vegetable Nutrition','SEP',2000,'','43-52',357),(575,'Whole Wheat','DEC',1992,'','25-98',793),(576,'Soy Milk','JUN',2002,'Differences between Soy Milk and Cow Milk','44-81',785),(577,'Cashew Milk','OCT',2014,'Differences between Cashew Milk and Cow Milk','39-73',752),(578,'Almond Milk','OCT',2015,'Differences Between Almond Milk and Cow Milk','13-29',503),(579,'Coconut Milk','JUL',2011,'Differences between Coconut Milk and Cow Milk','38-36',82),(580,'Genes and Diet','JAN',2002,'','52-98',873),(581,'Vegan Kids','APR',1994,'','49-60',798),(582,'Nutrition Mission','AUG',1992,'','8-30',359),(583,'Infant Formula','APR',2013,'','19-88',424),(584,'Pig Nutrition','JUN',2011,'','15-19',852),(585,'Getting Kids to Eat Veggies','FEB',1991,'','15-65',672),(586,'Supersize meals','JUN',2007,'','49-95',761),(587,'Meatless Burgers','MAR',2002,'','27-41',209),(588,'Pumpkin Seeds','AUG',2016,'Benefits of Pumpkin Seeds','12-36',795),(589,'Frozen Fruits','JUN',1995,'','16-34',606),(590,'Fix Your Nutrition with A DNA Test','JUN',1996,'','90-98',414),(591,'How Flavor Drives Nutrition','FEB',2010,'','39-71',157),(592,'Hot Chili Peppers','APR',2014,'','73-95',335),(593,'Lentils','APR',2003,'','20-23',769),(594,'Next Hot Food Trends','APR',1994,'','9-77',215),(595,'Big Sugar','NOV',2004,'','2-7',351),(596,'Lactose Intolerance','OCT',2011,'','40-64',744),(597,'Saturated Fat and Heart Health','JAN',1999,'','12-32',795),(598,'Limes','APR',1990,'Benefits of Limes','7-14',835),(599,'Chickpeas','JUN',2007,'Benefits of Chickpeas','61-63',925),(600,'Coconut Oil','JAN',2000,'','71-84',659),(601,'Feeding Type','OCT',1996,'','72-85',511),(602,'School Lunch Nutrition','JUL',2013,'','19-43',472),(603,'Vegan Athletes','APR',2005,'','51-73',420),(604,'Calorie Intake','NOV',1993,'','38-78',849),(605,'Nutrition Statistics','AUG',2002,'','34-45',991),(606,'Food and Exercise','DEC',1998,'','90-93',199),(607,'Lemons','DEC',1993,'Benefits of Lemons','69-70',813),(608,'Nutrition Month','AUG',1998,'','5-36',23),(609,'Avocados','AUG',1993,'Benefits of Avacados','5-82',431),(610,'Post-Exercise Nutrition','APR',1996,'','8-41',881),(611,'Nuts','AUG',1996,'Benefits of Nuts','52-95',646),(612,'Mushrooms','DEC',2012,'Benefits of Mushrooms','30-99',821),(613,'Pumpkin','MAY',2003,'Benefits of Pumpkin','33-71',661),(614,'Raspberries','JAN',2016,'Benefits of Raspberries','45-73',574),(615,'Blueberries','NOV',2009,'Benefits of Blueberries','24-81',602),(616,'Cucumbers','AUG',2001,'Benefits of Cucumber','2-52',191),(617,'Omega-3','FEB',2001,'','42-54',383),(618,'Eggplant','JUL',2000,'Benefits of Eggplant','21-46',227),(619,'Watermelon','JAN',1997,'Benefits of Watermelon','2-18',292),(620,'Tomatoes','OCT',2014,'Benefits of Tomatoes','46-56',774),(621,'Potatoes','JUL',2011,'Benefits of Potatoes','1-82',379),(622,'Papaya','AUG',1994,'Benefits of Papaya','14-86',984),(623,'Pomegranate','MAY',2004,'Benefits of Pomegranate','71-82',286),(624,'Corn','OCT',2005,'Benefits of Corn','47-93',797),(625,'Gelatin','DEC',2003,'','88-100',518),(626,'Watercress','AUG',1994,'Benefits of Watercress','29-82',399),(627,'Spinach','JUN',2009,'Benefits of Spinach','8-29',378),(628,'Cauliflower','JUL',2007,'Benefits of Cauliflower','15-39',963),(629,'Brussel Sprouts','OCT',2004,'Benefits of Brussel Sprouts','42-88',736),(630,'Strawberries','JUN',1992,'Benefits of Strawberries','17-83',708),(631,'Grapes','FEB',2016,'Benefits of Grapes','49-53',599),(632,'Pears','AUG',2000,'Benefits of Pears','7-20',260),(633,'Bananas','MAY',2006,'Benefits of Bananas','69-91',738),(634,'Onions','DEC',1991,'Benefits of Onions','3-52',617),(635,'Garlic','APR',1994,'Benefits of Garlic','4-34',639),(636,'Sweetners','APR',1991,'','20-37',695),(637,'Beetroot','MAY',2008,'Benefits of Beetroot','73-91',223),(638,'Green Beans','MAY',1990,'Benefits of Green Beans','20-21',2),(639,'The Sugar War','JAN',1998,'','71-79',431),(640,'Quinoa','NOV',1996,'Benefits of Quinoa','73-91',994),(641,'High-fat Foods','JUL',2016,'','59-82',574),(642,'Anti-Aging Foods','JAN',2012,'','18-22',824),(643,'Kiwi','NOV',2007,'Benefits of Kiwi','17-74',506),(644,'Kale','OCT',1993,'Benefits of Kale','45-56',342),(645,'Celery','APR',1998,'Benefits of Celery','8-71',365),(646,'Cantaloupe','SEP',2005,'Benefits of Cantaloupe','24-83',530),(647,'Honeydew','AUG',2011,'Benefits of Honeydew','68-89',366),(648,'Vitamin H','JUN',1998,'','12-56',972),(649,'Niacin','MAR',2002,'','70-97',295),(650,'Vitamin E','SEP',2016,'','9-38',963),(651,'Vitamin K','MAR',2012,'','20-92',79),(652,'Phosphorus','MAR',2010,'','16-82',722),(653,'Magnesium','JUN',2002,'','38-68',896),(654,'Copper','APR',2009,'','2-18',520),(655,'Chromium','APR',2002,'','62-88',748),(656,'Fluroide','AUG',2004,'','11-48',703),(657,'Iodine','NOV',1992,'','36-39',134),(658,'Manganese','AUG',2016,'','14-50',328),(659,'Retinol','MAR',2013,'','66-92',363),(660,'Peppers','APR',2002,'Benefits of Peppers','18-26',400),(661,'Sweet Potato','SEP',2005,'Benefits of Sweet Potato','8-71',839),(662,'Blackberries','SEP',2009,'Benefits of Blackberries','15-88',167),(663,'Mulberries','JUN',1992,'Benefits of Mulberries','59-68',693),(664,'Pineapples','APR',2016,'Benefits of Pineapples','44-67',477),(665,'Peaches','JUL',1998,'Benefits of Peaches','34-45',766),(666,'Apricots','MAY',1991,'Benefits of Apricots','27-70',366),(667,'Grapefruit','JUL',2017,'Benefits of Grapefruit','55-65',131),(668,'Gooseberry','NOV',1992,'Benefits of Gooseberry','71-90',79),(669,'Jackfruit','MAR',2015,'Benefits of JackFruit','3-82',931),(670,'Cabbage','FEB',2000,'Benefits of Cabbage','1-63',914),(671,'Artichoke','MAY',2008,'Benefits of Artichoke','11-84',696),(672,'Radish','NOV',1998,'Benefits of Radishes','18-83',838),(673,'Zucchini','SEP',1990,'Benefits of Zucchini','16-100',715),(674,'Peas','SEP',2013,'Benefits of Peas','44-54',921),(675,'Asparagus','NOV',2014,'Benefits of Asparagus','33-86',961),(676,'Squash','MAY',2006,'Benefits of Squash','61-90',178),(677,'Lettuce','JUL',1993,'Benefits of Lettuce','45-56',561),(678,'Turnip','FEB',1999,'Benefits of Turnips','18-47',825),(679,'Mint','MAY',2007,'Benefits of Mint','5-93',939),(680,'Track Meal Nutrition','APR',1997,'','3-39',586),(681,'Turmeric','APR',2008,'','37-55',998),(682,'Edamame','MAR',2004,'Benefits of Edamame','42-52',989),(683,'Protein Powder','JUL',2014,'','19-60',305),(684,'Cinnamon','OCT',2016,'','30-87',313),(685,'Nutrition and TB','SEP',2012,'','50-78',665),(686,'Microwaving and Nutrition','JUL',2002,'','40-50',695),(687,'Cereal','JAN',2014,'','18-40',868),(688,'Workout Nutrition','OCT',2006,'','18-38',91),(689,'30 Simple Health Tips','AUG',1994,'','59-68',6),(690,'Prescriptions for Veggies','JAN',2004,'','20-90',706),(691,'Nutritional Deficiencies','APR',1992,'','64-88',739),(692,'Oatmeal','MAY',2009,'','6-78',119),(693,'Arugula','JUL',2008,'','72-85',680),(694,'Undernutrition','JUL',2014,'','31-84',662),(695,'Parsley','SEP',2008,'','36-39',987),(696,'Junk Food Diet','FEB',2015,'','34-78',868),(697,'Mindful Eating','APR',1998,'','38-99',857),(698,'Yogurt','AUG',2000,'','5-44',121),(699,'Ice Cream','AUG',2005,'','2-45',863),(700,'Cheeses','JUN',1993,'','60-90',74),(701,'Food and Students','MAY',1996,'','60-67',523),(702,'College Nutrition','JAN',2015,'','45-62',234),(703,'Nutrition for High School Students','AUG',1994,'','8-9',632),(704,'Good Nutrition','DEC',1997,'','45-98',177),(705,'Food Preservatives','AUG',2004,'','60-85',767),(706,'Bad Nutrition','MAY',1992,'','60-67',227),(707,'SuperKids','JUN',2001,'','34-61',537),(708,'Nutrition and Sleep','SEP',2000,'','11-42',179),(709,'Eating Psychology','APR',2015,'','26-48',790),(710,'Mind and Body Nutrition','SEP',2014,'','6-91',861),(711,'Teaching Kitchen','DEC',2012,'','43-57',213),(712,'Nutritional Supplements','AUG',2006,'','30-43',977),(713,'Nutrition and Body Weight','MAR',1991,'','20-30',872),(714,'Herbal Supplements','AUG',2002,'','33-89',960),(715,'Role of Diets in Society','FEB',1998,'','62-96',625),(716,'MSG','DEC',2009,'','16-46',417),(717,'Sensory Science','MAY',2006,'','10-39',541),(718,'Breeding Nutrition Out of Our Food','FEB',1997,'','1-31',576),(719,'Health','APR',1993,'','37-85',777),(720,'Beet Benefits','DEC',2008,'','26-83',803),(721,'Athlete Diets','MAR',2005,'','17-24',422),(722,'Appetite','DEC',1999,'','90-98',736),(723,'Control Calories When Eating Out','MAR',2003,'','35-56',658),(724,'Soy','JUN',2004,'','31-35',463),(725,'The Perfect Diet Food','AUG',1991,'','45-90',622),(726,'Whole Grains','APR',2016,'','1-55',159),(727,'Dairy','JAN',1994,'','60-93',553),(728,'What to Eat','JUL',2007,'','3-36',999),(729,'Benefits of Tea','MAY',1998,'','33-64',928),(730,'Facts About Coffee','JAN',1996,'','10-84',834),(731,'Low-Carb Eating','SEP',2012,'','49-53',278),(732,'Can Diet Prevent Alzheimers?','MAY',2005,'','8-78',851),(733,'Link Between Diet and Breast Cancer','JUL',2008,'','55-78',504),(734,'Diet and Diabetes','OCT',2005,'','26-62',578),(735,'Diet for Better Energy','SEP',2016,'','39-88',724),(736,'Nutrition Guidelines','OCT',2012,'','11-81',793),(737,'Fruits and Veggies','DEC',2015,'','38-99',1),(738,'Healthy Recipies','DEC',1997,'','21-61',868),(739,'Measuring Body Fat','OCT',1992,'','21-75',285),(740,'Filling Up on Fiber','JUL',2006,'','39-70',348),(741,'Food Pyramid','JAN',1992,'','39-87',38),(742,'Hidden Fats','JUL',1997,'','45-66',231),(743,'Good Fats, Bad fats','NOV',2007,'','63-82',744),(744,'Say not to Soda','APR',1997,'','58-59',1),(745,'Sources of Potassium','JUL',2007,'','12-57',160),(746,'Vegetarian Pregnancy','JUN',2000,'','14-53',945),(747,'Birth Defects and the Maternal Diet','MAR',2009,'','57-90',578),(748,'Foods that Reduce Bone Density','MAR',2009,'','2-44',7),(749,'Prevent Osteoporosis','OCT',2006,'','21-82',739),(750,'Fiber','JUN',2014,'','98-100',11),(751,'Heart Health','MAR',1999,'','15-73',173),(752,'Carbs','AUG',2000,'','85-95',390),(753,'Diet and Eye Disease','FEB',2012,'','21-77',220),(754,'Heart Healthy','JUL',1995,'','59-80',477),(755,'The Skinny on Fat','DEC',1999,'','46-50',581),(756,'Good Carbs, Bad Carbs','MAY',2015,'','45-63',234),(757,'Hypertension and Diet','JAN',2009,'','6-50',296),(758,'Protein','JUL',2006,'','73-89',651),(759,'Organic Produce','SEP',1996,'','4-71',843),(760,'Food Safety','FEB',1990,'','84-86',707),(761,'Glycemic Load','JUL',2002,'','33-62',921),(762,'Food Additives','DEC',1993,'','51-82',413),(763,'Mad Cow Disease','JUL',1995,'','51-56',728),(764,'Weight Loss','JUN',2005,'','51-82',179),(765,'Dangers of Obesity','NOV',1990,'','8-49',603),(766,'Fad Diets','JUL',1994,'','1-53',2),(767,'Vitamin B12','APR',2000,'','14-34',509),(768,'Vitamin D','JAN',2009,'','26-28',826),(769,'Calcium Supplements','MAR',2015,'','68-73',632),(770,'Fasting','OCT',2016,'','30-77',572),(771,'Fast Food Chains','DEC',2006,'','76-89',292),(772,'Gluten','JUL',2012,'','7-30',104),(773,'Broccoli','MAR',2015,'Benefits of Broccoli','43-52',683),(774,'Home Gardens','DEC',1990,'','25-98',14),(775,'Honey','OCT',1993,'','44-81',210),(776,'Dietary Supplements','OCT',2004,'','39-73',849),(777,'Nutrition Labels','FEB',1995,'','13-29',137),(778,'Sugar','NOV',2003,'','38-36',489),(779,'Soda','JAN',1991,'','52-98',780),(780,'Fizzy Drinks','APR',1998,'','49-60',520),(781,'Food Portions','DEC',2001,'','8-30',17),(782,'Sugary Drinks','NOV',1990,'','19-88',330),(783,'Turkey Making You Tired?','JAN',2015,'','15-19',502),(784,'Plant-Based Food','NOV',2004,'','15-65',726),(785,'Fish','AUG',1993,'Benefits of Fish','49-95',456),(786,'Chocolate','FEB',2014,'','27-41',527),(787,'American Diet','JUL',2015,'','12-36',851),(788,'Trendy Foods','SUG',2011,'','16-34',646),(789,'Paelo Diet','FEB',2004,'','90-98',658),(790,'Olive Oil for Cooking','SEP',2014,'','39-71',857),(791,'Sunflower Oil OK for Heart','FEB',2008,'','73-95',757),(792,'Less Salt','OCT',1999,'','20-23',72),(793,'Healthy Food, Healthy Life','APR',1999,'','9-77',479),(794,'Overeating','APR',2003,'','2-7',152),(795,'Toxic Sugar','JUN',2013,'','40-64',563),(796,'Eating More in the Winter','NOV',2000,'','12-32',469),(797,'Red Wine','APR',1990,'','7-14',710),(798,'Carrot','SEP',1993,'Benefits of Carrots','61-63',124),(799,'Smaller Plates?','SEP',1994,'','71-84',30),(800,'Finger Foods','APR',1999,'','72-85',537),(801,'Diet and Fitness Secrets','SEP',2006,'','19-43',867),(802,'Mediterranian Diet','MAR',2004,'','51-73',519),(803,'Melatonin','NOV',2012,'','38-78',320),(804,'Too Much Protein?','AUG',2016,'','34-45',921),(805,'49 Worst Foods','MAR',2010,'','90-93',573),(806,'Too Much Juice?','DEC',2012,'','69-70',969),(807,'National Nutrition Month','JUL',1991,'','5-36',839),(808,'Oreos','OCT',1999,'','5-82',524),(809,'Added Sugar','AUG',1992,'','8-41',682),(810,'Selenium Supplements','NOV',1996,'','52-95',138),(811,'Gaps in Fast-Food Nutrition Information','AUG',2013,'','30-99',655),(812,'Get Kids to Eat Their Veggies','AUG',2017,'','33-71',225),(813,'Lack of Vitamin D','JAN',1992,'','45-73',555),(814,'Food and Fitness','MAR',2007,'','24-81',36),(815,'Diet Supplements','OCT',2004,'','2-52',878),(816,'Drunk Diet','JUN',2010,'','42-54',410),(817,'Eating Your Feelings','JAN',1990,'','21-46',330),(818,'Low-Carb, Low-Fat','SEP',1994,'','2-18',295),(819,'High Fructose Corn Syrup','SEP',2007,'','46-56',944),(820,'Food Aromas','FEB',2012,'','1-82',460),(821,'Stay Slim With Chocolate','DEC',2001,'','14-86',536),(822,'Unroasted Coffee Beans','SEP',2011,'','71-82',979),(823,'Diet Soda','APR',2007,'','47-93',451),(824,'Crash Diet','MAY',2007,'','88-100',846),(825,'Diets for Kids','NOV',2017,'','29-82',561),(826,'Breakfast','AUG',2010,'','8-29',908),(827,'Cut Calories','JUL',2009,'','15-39',773),(828,'Unhealthy Drinks','MAY',1998,'','42-88',374),(829,'Salmonella','MAR',1995,'','17-83',421),(830,'Sports Drinks','SEP',2012,'','49-53',288),(831,'Junk Food','NOV',1995,'','7-20',840),(832,'Mangoes','SEP',2013,'Benefits of Mangoes','69-91',300),(833,'Soda Ban','SEP',1997,'','3-52',173),(834,'Apples','JUN',1995,'Benefits of Apples','4-34',356),(835,'Fluoride in Water','JAN',1994,'','20-37',357),(836,'Bagged Lettuce','SEP',1996,'','73-91',394),(837,'Dried Fruit','SEP',1990,'','20-21',583),(838,'Tuna','APR',2004,'Benefits of Tuna ','71-79',915),(839,'Cafeteria Food','OCT',1995,'','73-91',637),(840,'Microwave Popcorn','JAN',2016,'','59-82',372),(841,'TOPS Diet','JUN',2011,'','18-22',207),(842,'Soda Machines','OCT',2012,'','17-74',840),(843,'Dark Chocolate','JUL',2009,'Benefits of Dark Chocolate','45-56',727),(844,'Calcium and Vitamin D','MAY',2016,'','8-71',278),(845,'Antioxidants','SEP',1995,'','24-83',685),(846,'School Lunches','OCT',2009,'','68-89',731),(847,'Iron Pills','APR',2016,'','12-56',133),(848,'Food Poisoning','JUN',2000,'','70-97',860),(849,'Peanut Butter','JUN',1995,'Benefits of Peanut Butter','9-38',731),(850,'Chewing Gum','MAR',1990,'','20-92',878),(851,'Mealtime Distractions','AUG',1991,'','16-82',802),(852,'Spirulina','NOV',2015,'','38-68',591),(853,'Coffee for Your Liver','JUL',1992,'','2-18',133),(854,'Gluten Labeling','FEB',2017,'','62-88',601),(855,'Diet-Busting Foods','SEP',2012,'','11-48',548),(856,'Celiac Disease','APR',1996,'','36-39',68),(857,'Boost Mood and Metabolism','JUN',1998,'','14-50',150),(858,'Good Mood Foods','FEB',1998,'','66-92',245),(859,'Stress-Proof Diet','JAN',2001,'','18-26',963),(860,'Medication and Weight Gain','MAR',2013,'','8-71',221),(861,'Stress and Obesity','SEP',2001,'','15-88',599),(862,'Stop Eating Your Anger','NOV',1996,'','59-68',821),(863,'Food Addictions','JAN',2015,'','44-67',56),(864,'Worst Foods For Stress','MAY',2013,'','34-45',723),(865,'Vegan Diet to Help Fight Cancer','JAN',1995,'','27-70',701),(866,'Smart Snacks','DEC',2012,'','55-65',715),(867,'Fast-Food Guide','JUN',1998,'','71-90',989),(868,'Dining Out Myths','JUN',2015,'','3-82',254),(869,'Grocery Shopping','JUL',2015,'','1-63',328),(870,'Satisfy Your Sweet Tooth','MAY',2010,'','11-84',670),(871,'Midnight Snacks','FEB',1997,'','18-83',711),(872,'Secret to Healthy Cooking','DEC',1992,'','16-100',708),(873,'Curb Cravings','MAY',1991,'','44-54',993),(874,'Turn a Bad Habit into a Good Idea','JUL',2005,'','33-86',224),(875,'Pass the Protein','SEP',2015,'','61-90',798),(876,'Feel Full Faster','JUN',2015,'','45-56',852),(877,'Food Labels','JUL',1992,'','18-47',676),(878,'Summer Grilling','OCT',2013,'','5-93',77),(879,'Raw Milk','MAR',1994,'','3-39',517),(880,'Water','MAR',2000,'','37-55',757),(881,'Eat Eggs','JAN',2012,'','42-52',139),(882,'Worst Fast Food','AUG',2001,'','19-60',35),(883,'Hospital Food High in Salt','JUL',1997,'','30-87',559),(884,'Boost Memory','JUN',2002,'','50-78',562),(885,'Cooking Veggies','OCT',2001,'','40-50',359),(886,'Superfoods','OCT',1997,'','18-40',497),(887,'Cooking with Tofu','JAN',2007,'','18-38',437),(888,'Cooking Fish','MAY',2016,'','59-68',771),(889,'Weight Loss Medications','OCT',1999,'','20-90',498),(890,'Folic Acid','FEB',1991,'','64-88',63),(891,'Multivitamin','MAY',1994,'','6-78',397),(892,'Apple Cider Vinegar','JAN',2008,'','72-85',700),(893,'Acai Berry','JAN',2007,'Benefits of Acai Berries','31-84',225),(894,'Fish Oil','OCT',1995,'','36-39',509),(895,'Flaxseed','NOV',2000,'','34-78',416),(896,'Vitamin B6','SEP',1996,'','38-99',151),(897,'Vitamin C','DEC',2009,'','5-44',35),(898,'Portion Size','JAN',2006,'','2-45',310),(899,'Burn Fat','OCT',2006,'','60-90',734),(900,'Metabolism Makeover','JAN',1991,'','60-67',118),(901,'Exercise Saves Lean Body Mass','MAR',1993,'','45-62',156),(902,'Too Much Fruit?','FEB',2008,'','8-9',792),(903,'Improving Your Health','JUN',2015,'','45-98',839),(904,'5 Nutrition Secrets','APR',2001,'','60-85',478),(905,'Nutrition Education','AUG',2012,'','60-67',155),(906,'Sports Nutrition','JUN',1995,'','34-61',526),(907,'Nutrition App','DEC',1995,'','11-42',562),(908,'Saturated Fats','MAY',2004,'','26-48',669),(909,'Non-Saturated Fats','DEC',2007,'','6-91',71),(910,'Academy of Nutrition','FEB',2006,'','43-57',681),(911,'French Fries ','DEC',2012,'','30-43',142),(912,'Nutrition Challenges','MAR',2008,'','20-30',822),(913,'Food and Nutrition','OCT',2003,'','33-89',958),(914,'Vitamin A','MAY',2007,'','62-96',637),(915,'Zinc','APR',1999,'','16-46',646),(916,'Infant Health','JUL',2009,'','10-39',484),(917,'BMI','APR',2014,'','1-31',749),(918,'Smoothies','JAN',1997,'','37-85',618),(919,'Post-Workout Nutrition','APR',1998,'','26-83',11),(920,'Frozen Veggies','NOV',1992,'','17-24',307),(921,'Nutrition and Genetics','SEP',2006,'','90-98',296),(922,'Gluten-Free Foods','APR',1996,'','35-56',870),(923,'Vegan Diets','JUL',1991,'','31-35',736),(924,'Can Wine Protect Your Neurons','DEC',2014,'','45-90',82),(925,'Nutrition Data','APR',2002,'','1-55',917),(926,'Vegetarian Diets','DEC',2001,'','60-93',10),(927,'Nutrition Trends','NOV',2009,'','3-36',765),(928,'Benefits of Grain','MAY',2005,'','33-64',439),(929,'Butter vs Olive Oil','OCT',2011,'','10-84',827),(930,'Food Engineering','MAR',2000,'','49-53',381),(931,'Legumes','JUN',1990,'Benefits of Legumes','8-78',83),(932,'Type 2 Diabetes and Food','FEB',2015,'','55-78',229),(933,'Infant Nutrition','NOV',2003,'','26-62',407),(934,'Broccoli Prevents Cancer','JUN',1998,'','39-88',193),(935,'Hydroponic Vegetable Nutrition','MAY',2017,'','11-81',509),(936,'Whole Wheat','JUL',1996,'','38-99',43),(937,'Soy Milk','NOV',1991,'Differences between Soy Milk and Cow Milk','21-61',53),(938,'Cashew Milk','OCT',2014,'Differences between Cashew Milk and Cow Milk','21-75',969),(939,'Almond Milk','DEC',2007,'Differences Between Almond Milk and Cow Milk','39-70',839),(940,'Coconut Milk','OCT',2012,'Differences between Coconut Milk and Cow Milk','39-87',330),(941,'Genes and Diet','NOV',2015,'','45-66',983),(942,'Vegan Kids','DEC',2012,'','63-82',462),(943,'Nutrition Mission','JUN',2009,'','58-59',655),(944,'Infant Formula','FEB',2008,'','12-57',410),(945,'Pig Nutrition','MAR',2002,'','14-53',949),(946,'Getting Kids to Eat Veggies','JAN',2014,'','57-90',769),(947,'Supersize meals','DEC',1995,'','2-44',966),(948,'Meatless Burgers','NOV',2000,'','21-82',156),(949,'Pumpkin Seeds','MAR',2007,'Benefits of Pumpkin Seeds','98-100',470),(950,'Frozen Fruits','FEB',2013,'','15-73',532),(951,'Fix Your Nutrition with A DNA Test','MAR',2016,'','85-95',121),(952,'How Flavor Drives Nutrition','JUN',1994,'','21-77',445),(953,'Hot Chili Peppers','AUG',2010,'','59-80',322),(954,'Lentils','MAY',2000,'','46-50',102),(955,'Next Hot Food Trends','DEC',1998,'','45-63',1),(956,'Big Sugar','MAR',1999,'','6-50',247),(957,'Lactose Intolerance','MAY',2016,'','73-89',928),(958,'Saturated Fat and Heart Health','FEB',2013,'','4-71',189),(959,'Limes','SEP',2005,'Benefits of Limes','84-86',36),(960,'Chickpeas','SEP',2012,'Benefits of Chickpeas','33-62',244),(961,'Coconut Oil','JUN',2003,'','51-82',908),(962,'Feeding Type','NOV',1999,'','51-56',922),(963,'School Lunch Nutrition','OCT',1990,'','51-82',745),(964,'Vegan Athletes','APR',2002,'','8-49',557),(965,'Calorie Intake','MAR',2015,'','1-53',975),(966,'Nutrition Statistics','DEC',1991,'','14-34',895),(967,'Food and Exercise','SEP',2004,'','26-28',755),(968,'Lemons','NOV',1996,'Benefits of Lemons','68-73',59),(969,'Nutrition Month','MAR',1999,'','30-77',829),(970,'Avocados','DEC',2005,'Benefits of Avacados','76-89',968),(971,'Post-Exercise Nutrition','OCT',2002,'','7-30',84),(972,'Nuts','FEB',1996,'Benefits of Nuts','43-52',551),(973,'Mushrooms','JUL',2006,'Benefits of Mushrooms','25-98',112),(974,'Pumpkin','DEC',2014,'Benefits of Pumpkin','44-81',398),(975,'Raspberries','NOV',1993,'Benefits of Raspberries','39-73',722),(976,'Blueberries','JUL',2007,'Benefits of Blueberries','13-29',994),(977,'Cucumbers','JAN',1999,'Benefits of Cucumber','38-36',821),(978,'Omega-3','AUG',1996,'','52-98',450),(979,'Eggplant','SEP',2014,'Benefits of Eggplant','49-60',946),(980,'Watermelon','JUL',2000,'Benefits of Watermelon','8-30',46),(981,'Tomatoes','DEC',1999,'Benefits of Tomatoes','19-88',258),(982,'Potatoes','MAY',2003,'Benefits of Potatoes','15-19',585),(983,'Papaya','AUG',1995,'Benefits of Papaya','15-65',142),(984,'Pomegranate','AUG',2005,'Benefits of Pomegranate','49-95',248),(985,'Corn','AUG',2016,'Benefits of Corn','27-41',688),(986,'Gelatin','AUG',2004,'','12-36',183),(987,'Watercress','JAN',2012,'Benefits of Watercress','16-34',58),(988,'Spinach','MAR',2000,'Benefits of Spinach','90-98',999),(989,'Cauliflower','MAY',2011,'Benefits of Cauliflower','39-71',855),(990,'Brussel Sprouts','MAR',2000,'Benefits of Brussel Sprouts','73-95',707),(991,'Strawberries','MAY',2012,'Benefits of Strawberries','20-23',294),(992,'Grapes','MAY',2013,'Benefits of Grapes','9-77',219),(993,'Pears','DEC',2007,'Benefits of Pears','2-7',688),(994,'Bananas','MAY',2013,'Benefits of Bananas','40-64',859),(995,'Onions','JUL',2017,'Benefits of Onions','12-32',695),(996,'Garlic','JUN',1997,'Benefits of Garlic','7-14',789),(997,'Sweetners','MAY',2007,'','61-63',902),(998,'Beetroot','OCT',2015,'Benefits of Beetroot','71-84',496),(999,'Green Beans','DEC',2006,'Benefits of Green Beans','72-85',861),(1000,'The Sugar War','JAN',1994,'','19-43',429);
/*!40000 ALTER TABLE `papers` ENABLE KEYS */;
UNLOCK TABLES;

--
-- Table structure for table `published`
--

DROP TABLE IF EXISTS `published`;
/*!40101 SET @saved_cs_client     = @@character_set_client */;
/*!40101 SET character_set_client = utf8 */;
CREATE TABLE `published` (
  `paper_id` int(11) NOT NULL,
  `author_id` int(11) NOT NULL,
  PRIMARY KEY (`paper_id`,`author_id`),
  KEY `author_id_idx` (`author_id`),
  CONSTRAINT `author_id` FOREIGN KEY (`author_id`) REFERENCES `authors` (`author_id`) ON UPDATE NO ACTION,
  CONSTRAINT `paper_id` FOREIGN KEY (`paper_id`) REFERENCES `papers` (`paper_id`) ON DELETE NO ACTION ON UPDATE NO ACTION
) ENGINE=InnoDB DEFAULT CHARSET=utf8;
/*!40101 SET character_set_client = @saved_cs_client */;

--
-- Dumping data for table `published`
--

LOCK TABLES `published` WRITE;
/*!40000 ALTER TABLE `published` DISABLE KEYS */;
INSERT INTO `published` VALUES (96,1),(364,1),(437,1),(120,2),(717,2),(918,2),(280,3),(410,3),(613,5),(140,7),(476,7),(635,8),(769,8),(890,8),(101,9),(544,9),(518,10),(301,11),(470,11),(830,11),(122,15),(133,17),(294,17),(187,19),(947,20),(325,21),(541,21),(556,21),(685,22),(251,23),(314,23),(931,23),(48,25),(78,27),(333,27),(557,27),(587,28),(972,28),(488,30),(743,30),(871,30),(465,32),(927,33),(709,35),(876,35),(974,36),(826,38),(216,39),(284,39),(520,39),(649,39),(131,40),(231,44),(477,44),(248,46),(240,48),(423,49),(237,50),(453,50),(484,54),(803,59),(810,62),(353,64),(105,65),(160,66),(222,71),(596,72),(770,72),(226,74),(880,74),(40,77),(958,77),(723,78),(253,79),(979,80),(522,81),(879,83),(54,89),(579,89),(690,89),(875,89),(6,90),(32,90),(483,93),(331,94),(634,94),(268,95),(625,96),(732,96),(997,96),(157,100),(215,103),(380,104),(863,104),(393,105),(806,106),(218,108),(103,109),(643,109),(925,109),(874,110),(154,111),(857,111),(34,112),(456,116),(914,117),(159,119),(158,121),(372,124),(775,124),(243,125),(298,127),(309,128),(1,129),(73,130),(858,131),(2,134),(976,134),(151,135),(738,135),(816,135),(322,136),(441,136),(627,136),(139,137),(411,137),(786,137),(705,138),(922,138),(981,138),(135,139),(762,139),(706,140),(177,141),(558,143),(55,144),(170,144),(667,145),(195,146),(67,148),(848,148),(641,149),(176,151),(358,153),(521,153),(269,155),(408,155),(221,157),(637,158),(514,161),(835,162),(134,163),(12,165),(983,166),(446,168),(624,168),(186,171),(926,171),(944,172),(694,173),(812,174),(230,175),(815,175),(796,176),(181,177),(964,178),(288,180),(327,180),(789,181),(22,187),(480,189),(332,193),(224,194),(17,195),(208,196),(57,199),(995,199),(61,202),(306,202),(883,203),(293,204),(856,204),(489,205),(419,209),(638,209),(424,210),(662,210),(912,211),(128,212),(413,212),(642,217),(74,219),(281,221),(415,224),(859,224),(611,225),(305,226),(686,226),(352,227),(582,227),(536,228),(64,229),(757,232),(366,234),(672,235),(106,238),(190,243),(550,243),(252,244),(275,244),(749,245),(679,246),(107,248),(174,248),(542,253),(197,254),(387,254),(677,254),(578,256),(462,257),(591,257),(459,258),(104,263),(921,263),(290,266),(46,267),(227,267),(957,270),(599,271),(60,276),(546,276),(640,277),(942,277),(15,279),(616,281),(665,281),(451,282),(530,283),(95,285),(893,286),(23,289),(778,290),(901,290),(58,291),(165,291),(426,291),(888,293),(771,294),(807,294),(403,295),(687,295),(342,296),(793,296),(493,297),(336,298),(318,303),(444,303),(733,303),(797,303),(509,306),(551,306),(501,307),(645,307),(823,311),(211,312),(840,312),(443,315),(93,316),(199,317),(532,319),(977,319),(609,320),(20,321),(843,322),(464,323),(798,324),(905,324),(99,325),(145,326),(247,327),(937,329),(108,330),(708,330),(865,330),(38,332),(600,335),(773,335),(279,339),(589,340),(115,341),(86,345),(524,345),(81,347),(161,347),(881,347),(180,348),(167,350),(379,350),(401,351),(219,352),(621,352),(783,354),(14,357),(965,357),(152,358),(916,358),(543,365),(719,365),(65,368),(887,368),(193,369),(239,369),(71,373),(90,373),(66,374),(328,375),(147,377),(814,377),(263,378),(454,378),(255,379),(688,379),(886,379),(467,380),(429,381),(666,382),(878,385),(929,385),(30,386),(985,386),(442,388),(194,392),(569,392),(292,393),(657,393),(200,394),(547,395),(573,395),(729,395),(809,395),(987,395),(184,396),(761,398),(260,400),(439,406),(571,407),(680,407),(144,408),(183,410),(619,411),(100,412),(755,412),(765,412),(822,412),(935,412),(978,412),(141,413),(168,413),(24,414),(150,414),(553,414),(362,415),(721,416),(564,418),(568,418),(496,419),(282,420),(928,421),(938,421),(711,422),(458,423),(39,424),(50,425),(92,425),(463,425),(497,425),(898,425),(245,428),(617,428),(734,428),(744,428),(962,428),(713,430),(614,431),(780,431),(870,431),(779,433),(902,433),(608,435),(474,436),(533,436),(788,438),(344,439),(189,444),(264,444),(548,447),(196,448),(712,448),(407,449),(562,450),(8,453),(136,454),(173,454),(785,454),(725,455),(127,456),(884,457),(129,458),(390,459),(234,460),(3,461),(990,461),(903,463),(5,470),(406,470),(559,470),(756,470),(69,471),(825,471),(371,473),(787,473),(923,477),(767,478),(360,483),(9,484),(629,484),(960,484),(855,486),(409,488),(508,488),(523,488),(850,488),(418,490),(563,491),(394,492),(338,493),(731,494),(763,495),(836,495),(233,496),(696,496),(77,497),(606,497),(847,498),(461,501),(949,502),(295,503),(436,503),(682,503),(113,504),(864,505),(417,506),(87,508),(781,511),(827,513),(485,515),(516,515),(790,515),(475,516),(570,518),(701,518),(839,518),(262,519),(382,520),(932,520),(374,524),(404,526),(703,527),(534,529),(986,530),(772,533),(971,534),(381,536),(939,536),(472,538),(849,540),(691,542),(98,544),(651,544),(185,549),(846,549),(388,552),(471,552),(482,553),(639,553),(49,554),(924,556),(310,557),(35,559),(85,560),(258,561),(44,563),(457,563),(975,563),(842,565),(900,566),(750,567),(1000,568),(817,569),(385,570),(699,571),(620,572),(473,573),(697,573),(991,574),(206,575),(999,575),(315,576),(689,577),(397,579),(737,582),(27,583),(504,583),(581,583),(727,584),(519,585),(155,586),(968,587),(505,593),(41,595),(191,595),(654,595),(79,598),(143,599),(896,602),(261,604),(529,604),(824,604),(877,604),(83,605),(478,605),(659,605),(915,605),(72,608),(430,608),(946,608),(560,609),(993,612),(109,613),(963,617),(405,620),(256,621),(740,621),(861,621),(142,623),(384,624),(584,625),(376,627),(784,627),(300,628),(495,628),(930,628),(753,629),(28,631),(88,631),(285,631),(486,631),(831,631),(10,633),(782,634),(162,635),(867,635),(42,641),(324,641),(655,641),(511,642),(610,642),(337,645),(692,647),(996,647),(287,648),(433,648),(455,648),(669,651),(623,652),(829,652),(399,653),(447,654),(801,655),(956,655),(84,656),(592,656),(428,657),(586,657),(994,657),(718,658),(469,661),(499,663),(919,663),(545,664),(966,664),(313,665),(615,665),(537,666),(598,666),(700,671),(201,674),(466,674),(583,674),(425,677),(481,677),(555,677),(63,678),(479,678),(833,678),(973,680),(747,684),(707,685),(175,686),(29,687),(118,688),(242,688),(955,688),(217,690),(800,690),(299,692),(622,692),(395,695),(178,696),(671,696),(917,698),(59,699),(936,700),(302,702),(630,702),(952,704),(112,706),(590,706),(868,712),(156,715),(312,716),(768,716),(894,716),(53,719),(7,720),(873,721),(378,723),(612,723),(891,725),(19,726),(11,727),(350,727),(882,727),(554,728),(661,728),(412,730),(602,732),(906,732),(56,733),(502,733),(250,734),(450,736),(751,737),(370,738),(274,740),(368,740),(114,741),(343,742),(228,744),(872,744),(576,745),(595,745),(774,746),(601,747),(860,747),(802,748),(225,749),(335,749),(460,750),(203,751),(307,751),(339,751),(236,752),(646,753),(229,754),(296,755),(232,756),(695,756),(854,756),(980,756),(998,756),(934,757),(16,759),(742,759),(223,760),(574,760),(794,760),(365,761),(271,763),(681,766),(68,771),(678,774),(440,776),(804,776),(904,776),(97,777),(316,777),(391,777),(421,777),(941,779),(683,780),(102,781),(265,783),(283,783),(334,785),(445,785),(663,785),(311,790),(130,791),(676,791),(153,792),(62,793),(528,793),(777,793),(18,795),(607,795),(138,797),(899,797),(908,797),(895,799),(714,802),(257,803),(490,803),(673,803),(862,804),(375,805),(577,805),(89,806),(853,806),(510,807),(702,810),(111,811),(838,812),(321,816),(434,820),(813,821),(982,821),(658,822),(969,822),(43,824),(357,824),(837,824),(911,824),(535,825),(278,826),(506,826),(722,826),(715,828),(948,828),(345,832),(297,833),(668,834),(449,839),(398,840),(989,840),(648,841),(920,841),(517,842),(933,842),(202,844),(945,845),(82,846),(304,846),(207,849),(137,854),(575,855),(172,857),(644,858),(117,859),(735,859),(897,859),(326,860),(967,860),(792,862),(348,864),(192,867),(359,867),(799,867),(841,868),(246,869),(758,869),(539,870),(819,870),(241,871),(739,871),(828,871),(889,871),(351,872),(47,874),(75,876),(149,878),(448,878),(552,878),(45,879),(664,879),(746,881),(427,884),(205,886),(821,886),(259,887),(745,888),(526,889),(650,890),(515,891),(633,892),(992,892),(214,893),(320,894),(913,894),(286,896),(588,896),(249,897),(764,901),(754,902),(210,904),(869,904),(834,905),(169,906),(400,906),(593,907),(720,907),(164,911),(698,911),(52,913),(110,913),(266,913),(432,913),(487,913),(119,914),(386,914),(852,915),(910,915),(507,916),(540,917),(166,922),(171,922),(626,922),(716,923),(4,927),(123,927),(525,927),(561,927),(303,928),(354,930),(422,930),(752,930),(31,933),(594,933),(704,934),(254,935),(270,936),(377,940),(70,941),(818,941),(728,944),(355,947),(631,948),(632,948),(726,948),(383,949),(452,951),(121,952),(652,952),(940,952),(566,953),(647,954),(402,956),(605,957),(820,957),(675,963),(805,963),(235,964),(414,967),(369,968),(396,968),(503,969),(26,970),(51,971),(748,971),(961,974),(356,975),(494,977),(512,978),(604,978),(33,979),(618,979),(951,979),(80,980),(220,980),(317,980),(341,981),(420,981),(970,981),(124,982),(329,982),(565,982),(188,983),(340,983),(182,985),(416,985),(832,985),(319,987),(684,991),(198,992),(349,992),(653,993),(373,994),(94,995),(866,995),(808,996),(795,998),(438,999),(766,1000);
/*!40000 ALTER TABLE `published` ENABLE KEYS */;
UNLOCK TABLES;

--
-- Table structure for table `referenced`
--

DROP TABLE IF EXISTS `referenced`;
/*!40101 SET @saved_cs_client     = @@character_set_client */;
/*!40101 SET character_set_client = utf8 */;
CREATE TABLE `referenced` (
  `article_id` int(11) NOT NULL,
  `paper_id` int(11) NOT NULL,
  PRIMARY KEY (`article_id`,`paper_id`),
  KEY `abp_paper_id_fk_idx` (`paper_id`),
  CONSTRAINT `abp_article_id_fk` FOREIGN KEY (`article_id`) REFERENCES `articles` (`article_id`) ON UPDATE NO ACTION,
  CONSTRAINT `abp_paper_id_fk` FOREIGN KEY (`paper_id`) REFERENCES `papers` (`paper_id`) ON DELETE NO ACTION ON UPDATE NO ACTION
) ENGINE=InnoDB DEFAULT CHARSET=utf8;
/*!40101 SET character_set_client = @saved_cs_client */;

--
-- Dumping data for table `referenced`
--

LOCK TABLES `referenced` WRITE;
/*!40000 ALTER TABLE `referenced` DISABLE KEYS */;
INSERT INTO `referenced` VALUES (863,1),(787,3),(825,3),(884,4),(611,5),(925,5),(461,6),(286,7),(136,9),(254,10),(696,11),(895,11),(113,12),(276,12),(252,14),(421,15),(771,15),(516,16),(917,17),(14,18),(536,18),(669,18),(420,21),(11,22),(466,22),(680,22),(183,23),(306,23),(922,23),(157,24),(988,25),(545,26),(1,27),(140,27),(331,28),(754,29),(133,30),(280,30),(586,30),(708,31),(958,31),(31,33),(347,33),(675,34),(959,34),(928,35),(38,38),(330,38),(653,38),(532,39),(772,39),(984,39),(692,46),(599,48),(162,49),(386,51),(251,53),(948,53),(86,55),(119,55),(422,55),(952,56),(211,57),(501,57),(576,58),(39,59),(428,61),(549,61),(369,62),(488,62),(638,64),(966,66),(507,68),(826,69),(174,70),(3,71),(864,71),(193,72),(372,78),(236,79),(18,81),(67,81),(542,81),(976,81),(871,84),(746,85),(24,87),(28,87),(359,87),(26,89),(530,89),(876,90),(982,90),(138,91),(270,91),(791,91),(521,92),(74,93),(906,93),(462,94),(13,96),(49,96),(90,96),(891,96),(967,96),(622,97),(846,97),(457,98),(775,99),(302,100),(481,100),(230,101),(460,101),(185,102),(374,102),(995,102),(766,103),(955,103),(767,104),(98,105),(762,105),(941,107),(765,109),(291,110),(385,110),(623,113),(819,115),(761,117),(654,119),(716,120),(83,121),(492,122),(637,123),(670,123),(260,124),(857,126),(264,127),(552,128),(660,129),(55,130),(956,130),(72,131),(333,134),(344,136),(227,139),(621,139),(947,142),(978,143),(414,144),(582,144),(781,145),(288,148),(473,148),(247,150),(153,152),(409,152),(709,152),(898,152),(287,154),(782,154),(17,155),(756,155),(869,155),(443,157),(887,157),(182,158),(356,158),(633,158),(395,159),(885,159),(23,160),(318,160),(628,160),(673,160),(740,160),(500,162),(689,163),(931,164),(480,165),(20,166),(631,166),(640,166),(200,167),(667,167),(706,167),(541,170),(763,170),(283,171),(666,171),(213,172),(241,173),(986,174),(7,175),(228,176),(697,178),(8,179),(858,179),(505,180),(310,181),(739,187),(102,189),(186,191),(779,191),(795,194),(259,195),(894,196),(239,197),(668,197),(54,198),(82,198),(177,199),(404,199),(656,200),(835,200),(242,202),(290,203),(609,203),(159,205),(231,205),(89,206),(943,206),(727,207),(935,207),(149,208),(240,208),(778,208),(764,209),(792,210),(499,214),(721,214),(101,215),(470,215),(836,215),(981,215),(352,216),(528,216),(547,216),(889,217),(458,219),(36,220),(777,220),(167,221),(537,221),(246,223),(84,225),(35,226),(92,226),(178,226),(873,226),(390,227),(784,228),(904,228),(991,229),(137,230),(748,230),(980,231),(392,232),(195,234),(48,235),(145,236),(498,236),(446,239),(786,239),(281,241),(737,241),(801,241),(946,242),(233,243),(612,247),(194,250),(394,251),(207,252),(329,252),(663,252),(209,253),(769,255),(581,256),(886,256),(190,258),(495,258),(878,259),(51,260),(105,262),(698,263),(438,264),(701,264),(648,265),(805,265),(108,269),(198,270),(229,270),(85,274),(382,274),(882,274),(916,275),(944,275),(297,276),(96,277),(217,277),(808,277),(933,279),(868,280),(731,281),(802,281),(890,281),(960,281),(175,282),(641,282),(255,284),(483,284),(926,284),(109,285),(245,286),(424,288),(705,289),(710,289),(874,290),(949,291),(747,292),(370,294),(897,294),(45,295),(856,296),(714,297),(896,297),(440,298),(1000,299),(266,300),(715,301),(88,305),(99,306),(206,307),(511,307),(650,308),(839,309),(68,310),(282,310),(579,310),(700,310),(412,312),(543,312),(10,313),(573,313),(46,314),(643,314),(226,316),(94,318),(679,318),(950,318),(60,319),(793,319),(262,320),(554,320),(580,322),(110,323),(170,324),(703,326),(729,326),(293,327),(25,328),(172,331),(790,331),(862,331),(870,332),(893,334),(328,335),(730,335),(112,336),(130,336),(163,337),(393,337),(938,338),(52,344),(506,344),(192,345),(902,345),(232,346),(298,346),(844,346),(56,348),(572,349),(598,350),(417,352),(655,352),(439,353),(477,353),(799,354),(937,355),(340,356),(12,357),(166,357),(695,359),(122,360),(143,360),(936,360),(525,362),(350,363),(250,365),(42,366),(128,366),(822,366),(353,367),(977,367),(401,368),(47,370),(635,370),(279,372),(70,378),(332,379),(504,379),(154,380),(238,380),(459,380),(665,381),(999,384),(569,385),(454,389),(58,390),(838,390),(832,392),(852,393),(208,395),(548,395),(702,395),(752,395),(389,397),(268,403),(426,404),(529,406),(391,408),(399,411),(323,413),(913,413),(518,415),(800,416),(396,417),(66,418),(258,419),(410,419),(915,419),(324,420),(608,421),(831,421),(741,422),(688,423),(815,424),(468,425),(757,425),(515,426),(299,427),(164,428),(717,428),(50,429),(321,429),(237,430),(690,431),(798,431),(402,432),(566,432),(30,433),(578,433),(311,436),(257,437),(812,438),(256,439),(538,441),(152,442),(472,443),(957,445),(19,446),(357,446),(388,446),(494,446),(636,447),(843,451),(671,452),(5,453),(687,453),(776,455),(313,456),(434,456),(604,456),(865,456),(225,458),(597,458),(275,459),(745,459),(794,459),(349,460),(558,460),(116,462),(425,463),(315,464),(453,465),(726,466),(496,468),(751,469),(123,470),(437,470),(811,470),(616,473),(81,475),(974,475),(848,476),(348,477),(823,478),(271,479),(531,479),(749,479),(184,480),(723,481),(132,483),(408,483),(535,483),(733,486),(117,488),(345,489),(900,490),(821,491),(296,492),(849,492),(124,493),(71,498),(905,498),(168,499),(601,499),(485,500),(918,500),(294,502),(380,502),(561,502),(681,502),(850,502),(377,505),(880,505),(430,510),(467,510),(415,511),(785,511),(613,512),(234,515),(770,516),(626,519),(339,520),(634,523),(919,523),(540,524),(103,526),(901,527),(990,527),(735,528),(968,529),(120,530),(455,530),(32,531),(188,540),(300,541),(376,541),(814,541),(34,542),(570,542),(100,544),(985,547),(465,548),(686,548),(263,549),(381,549),(584,550),(284,551),(750,552),(996,552),(191,554),(559,554),(780,555),(486,556),(490,556),(447,557),(142,558),(833,559),(605,560),(600,563),(736,563),(398,564),(568,564),(341,565),(804,566),(939,566),(218,569),(375,570),(824,570),(965,571),(994,571),(43,572),(979,572),(471,577),(411,579),(87,580),(625,580),(712,580),(753,580),(317,581),(693,582),(400,583),(517,583),(222,585),(632,585),(830,585),(448,586),(743,587),(181,588),(774,593),(169,596),(842,597),(78,598),(40,599),(147,602),(33,604),(59,604),(724,604),(617,605),(161,606),(685,607),(384,611),(829,611),(91,613),(489,613),(704,613),(202,614),(363,614),(127,616),(322,616),(807,617),(148,624),(567,624),(115,625),(646,625),(879,627),(77,628),(519,628),(585,628),(444,630),(961,631),(224,632),(342,632),(441,632),(171,633),(406,633),(828,634),(659,635),(419,637),(664,639),(907,643),(316,644),(354,644),(387,644),(520,647),(629,647),(627,648),(165,650),(872,651),(121,653),(73,654),(289,654),(718,654),(141,655),(788,655),(639,657),(442,659),(76,660),(221,661),(683,662),(892,662),(758,664),(97,666),(493,668),(877,668),(699,673),(908,673),(308,674),(378,675),(220,676),(253,676),(301,676),(556,676),(62,678),(79,678),(114,679),(953,679),(134,680),(661,682),(201,685),(523,685),(571,685),(837,685),(334,686),(630,687),(111,688),(809,690),(816,690),(436,691),(614,693),(574,696),(970,696),(418,698),(269,699),(595,700),(652,700),(27,702),(223,703),(435,705),(920,705),(672,706),(69,709),(273,710),(61,712),(602,712),(244,714),(319,716),(796,716),(249,717),(292,719),(534,722),(22,723),(720,723),(738,723),(619,725),(107,726),(336,726),(678,726),(150,728),(591,730),(4,731),(129,732),(451,733),(773,733),(197,734),(859,737),(15,738),(106,740),(365,742),(155,745),(456,750),(379,751),(351,752),(539,756),(642,756),(309,757),(564,757),(590,757),(620,757),(817,759),(707,760),(514,761),(139,762),(658,764),(998,766),(450,769),(742,770),(860,770),(307,771),(618,771),(212,773),(214,773),(337,773),(6,775),(146,777),(610,778),(682,778),(853,778),(649,779),(312,780),(722,780),(851,780),(997,780),(550,781),(93,782),(555,782),(104,783),(546,784),(126,785),(433,787),(327,788),(335,788),(924,788),(934,788),(65,789),(57,790),(304,791),(592,791),(427,792),(929,792),(265,793),(993,794),(759,796),(95,797),(463,797),(583,797),(272,799),(951,800),(803,801),(940,802),(711,803),(734,803),(432,808),(875,808),(744,810),(248,811),(314,811),(588,811),(674,811),(975,811),(274,812),(479,812),(615,812),(565,813),(834,813),(158,814),(303,815),(484,817),(797,818),(429,819),(728,819),(205,821),(910,822),(80,823),(881,824),(118,825),(243,826),(373,827),(423,828),(173,830),(509,830),(403,832),(44,833),(187,833),(553,834),(963,836),(888,837),(491,838),(261,841),(818,842),(475,844),(522,844),(923,845),(969,845),(156,846),(954,846),(478,853),(513,853),(431,854),(563,854),(343,856),(326,858),(909,858),(41,859),(135,860),(199,860),(932,860),(362,861),(647,861),(662,862),(452,863),(75,865),(820,865),(180,869),(203,869),(371,869),(964,871),(502,873),(416,874),(285,877),(413,878),(992,878),(29,879),(204,879),(364,879),(575,879),(37,880),(989,880),(557,881),(196,883),(469,884),(346,885),(867,885),(179,886),(21,887),(367,889),(760,889),(16,890),(524,891),(607,891),(405,892),(526,896),(63,897),(768,897),(971,897),(962,898),(476,901),(508,901),(596,902),(64,904),(366,905),(912,905),(684,906),(945,906),(482,907),(845,908),(589,910),(305,911),(651,911),(847,915),(131,916),(397,917),(527,917),(973,917),(160,918),(295,918),(368,918),(594,918),(657,918),(503,919),(911,920),(235,921),(449,923),(813,923),(987,924),(645,927),(216,930),(210,931),(883,931),(533,933),(593,933),(927,933),(972,934),(510,935),(151,936),(219,937),(497,938),(732,938),(983,938),(53,940),(713,940),(407,941),(2,943),(861,943),(914,943),(189,945),(474,946),(512,948),(676,948),(176,949),(278,949),(677,949),(789,949),(725,950),(624,951),(338,952),(606,953),(921,953),(577,955),(806,955),(562,956),(383,958),(551,958),(355,959),(544,960),(827,960),(855,963),(942,963),(464,964),(694,964),(840,966),(358,967),(691,967),(783,967),(277,968),(903,970),(930,970),(841,973),(644,974),(755,978),(320,979),(587,983),(899,986),(360,988),(603,988),(144,990),(487,990),(325,992),(719,992),(215,993),(125,994),(854,994),(9,995),(810,995),(361,996),(267,998),(560,998),(866,999),(445,1000);
/*!40000 ALTER TABLE `referenced` ENABLE KEYS */;
UNLOCK TABLES;
/*!40103 SET TIME_ZONE=@OLD_TIME_ZONE */;

/*!40101 SET SQL_MODE=@OLD_SQL_MODE */;
/*!40014 SET FOREIGN_KEY_CHECKS=@OLD_FOREIGN_KEY_CHECKS */;
/*!40014 SET UNIQUE_CHECKS=@OLD_UNIQUE_CHECKS */;
/*!40101 SET CHARACTER_SET_CLIENT=@OLD_CHARACTER_SET_CLIENT */;
/*!40101 SET CHARACTER_SET_RESULTS=@OLD_CHARACTER_SET_RESULTS */;
/*!40101 SET COLLATION_CONNECTION=@OLD_COLLATION_CONNECTION */;
/*!40111 SET SQL_NOTES=@OLD_SQL_NOTES */;

-- Dump completed on 2017-06-20 20:15:56
